{"id":282,"url":"http:\/\/bgm.tv\/subject\/282","type":2,"name":"\u72fc\u3068\u9999\u8f9b\u6599","name_cn":"\u72fc\u4e0e\u9999\u8f9b\u6599","summary":"\u5230\u5904\u65c5\u884c\u9760\u8d29\u5356\u4e00\u4e9b\u5c0f\u5546\u54c1\u4e3a\u751f\u7684\u5546\u4eba\u7f57\u5170\u65af\uff0c\u4ece\u56e0\u4e3a\u6536\u83b7\u796d\u800c\u6cb8\u817e\u7684\u5e15\u65af\u6d1b\u8036\u6751\u56de\u6765\u540e\u5374\u53d1\u73b0\u81ea\u5df1\u7684\u8fd0\u8d27\u9a6c\u8f66\u4e2d\u8c8c\u4f3c\u6709\u4ec0\u4e48\u4e1c\u897f\u5728\u91cc\u9762\uff0c\u7f57\u5170\u65af\u628a\u9ea6\u675f\u62e8\u5f00\u4e00\u770b\uff0c\u91cc\u9762\u5374\u7761\u7740\u4e00\u53ea\u957f\u6709\u72fc\u8033\u548c\u72fc\u5c3e\u5df4\u7684\u5c11\u5973\u3002\u8fd9\u4f4d\u5c11\u5973\u81ea\u79f0\u662f\u201c\u638c\u63a7\u4e30\u6536\u7684\u8d24\u72fc\u2014\u2014\u8d6b\u841d\u201d\uff0c\u9760\u9ea6\u5b50\u4e3a\u751f\u7684\u5979\u5982\u679c\u8116\u5b50\u4e0a\u6302\u7684\u5e15\u65af\u6d1b\u8036\u9ea6\u5b50\u9057\u5931\u4e86\u5c31\u4f1a\u6b7b\u3002\u8d6b\u841d\u6b7b\u8d56\u7740\u52b3\u4f26\u65af\u5e0c\u671b\u4ed6\u80fd\u591f\u5e26\u5979\u56de\u5230\u9065\u8fdc\u7684\u5317\u65b9\u6545\u4e61\uff0c\u4e8e\u662f\uff0c\u72fc\u5973\u4e0e\u5546\u4eba\u201c\u5b8c\u5168\u6ca1\u6709\u5251\u4e0e\u9b54\u6cd5\u7684\u201d\u65c5\u884c\u7531\u6b64\u5c55\u5f00\u2026\u2026","eps":[{"id":2978,"url":"http:\/\/bgm.tv\/ep\/2978","type":0,"sort":1,"name":"\u7b2c\u4e00\u5e55 \u72fc\u3068\u4e00\u5f35\u7f85","name_cn":"\u72fc\u4e0e\u552f\u4e00\u7684\u534e\u670d","duration":"","airdate":"","comment":4,"desc":"","status":"Air"},{"id":2979,"url":"http:\/\/bgm.tv\/ep\/2979","type":0,"sort":2,"name":"\u7b2c\u4e8c\u5e55 \u72fc\u3068\u9060\u3044\u904e\u53bb","name_cn":"\u72fc\u4e0e\u9065\u8fdc\u7684\u8fc7\u53bb","duration":"","airdate":"","comment":3,"desc":"","status":"Air"},{"id":2980,"url":"http:\/\/bgm.tv\/ep\/2980","type":0,"sort":3,"name":"\u7b2c\u4e09\u5e55 \u72fc\u3068\u5546\u624d","name_cn":"\u72fc\u4e0e\u5546\u4e1a\u624d\u80fd","duration":"","airdate":"","comment":0,"desc":"","status":"Air"},{"id":2981,"url":"http:\/\/bgm.tv\/ep\/2981","type":0,"sort":4,"name":"\u7b2c\u56db\u5e55 \u72fc\u3068\u7121\u529b\u306a\u76f8\u68d2","name_cn":"\u72fc\u4e0e\u65e0\u529b\u7684\u4f19\u4f34","duration":"","airdate":"","comment":1,"desc":"","status":"Air"},{"id":2982,"url":"http:\/\/bgm.tv\/ep\/2982","type":0,"sort":5,"name":"\u7b2c\u4e94\u5e55 \u72fc\u3068\u75f4\u8a71\u55a7\u5629","name_cn":"\u72fc\u4e0e\u4e89\u98ce\u5403\u918b","duration":"","airdate":"","comment":0,"desc":"","status":"Air"},{"id":2983,"url":"http:\/\/bgm.tv\/ep\/2983","type":0,"sort":6,"name":"\u7b2c\u516d\u5e55 \u72fc\u3068\u7121\u8a00\u306e\u5225\u308c","name_cn":"\u72fc\u4e0e\u65e0\u8a00\u7684\u79bb\u522b","duration":"","airdate":"","comment":3,"desc":"","status":"Air"},{"id":2984,"url":"http:\/\/bgm.tv\/ep\/2984","type":0,"sort":7,"name":"\u7b2c\u4e03\u5e55 \u72fc\u3068\u5e78\u798f\u306e\u5c3b\u5c3e","name_cn":"\u72fc\u4e0e\u5e78\u798f\u7684\u5c3e\u5df4","duration":"","airdate":"","comment":0,"desc":"","status":"Air"},{"id":2985,"url":"http:\/\/bgm.tv\/ep\/2985","type":0,"sort":8,"name":"\u7b2c\u516b\u5e55 \u72fc\u3068\u6b63\u3057\u304d\u5929\u79e4","name_cn":"\u72fc\u4e0e\u51c6\u786e\u7684\u5929\u79e4","duration":"","airdate":"","comment":0,"desc":"","status":"Air"},{"id":2986,"url":"http:\/\/bgm.tv\/ep\/2986","type":0,"sort":9,"name":"\u7b2c\u4e5d\u5e55 \u72fc\u3068\u7f8a\u98fc\u3044\u306e\u5b50\u7f8a","name_cn":"\u72fc\u4e0e\u7267\u7f8a\u4eba\u7684\u7f94\u7f8a","duration":"","airdate":"","comment":2,"desc":"","status":"Air"},{"id":2987,"url":"http:\/\/bgm.tv\/ep\/2987","type":0,"sort":10,"name":"\u7b2c\u5341\u5e55 \u72fc\u3068\u6e26\u5dfb\u304f\u9670\u8b00","name_cn":"\u72fc\u4e0e\u65cb\u6da1\u822c\u7684\u9634\u8c0b","duration":"","airdate":"","comment":5,"desc":"","status":"Air"},{"id":2988,"url":"http:\/\/bgm.tv\/ep\/2988","type":0,"sort":11,"name":"\u7b2c\u5341\u4e00\u5e55 \u72fc\u3068\u6700\u5927\u306e\u79d8\u7b56","name_cn":"\u72fc\u4e0e\u6700\u5927\u7684\u79d8\u8ba1","duration":"","airdate":"","comment":2,"desc":"","status":"Air"},{"id":2989,"url":"http:\/\/bgm.tv\/ep\/2989","type":0,"sort":12,"name":"\u7b2c\u5341\u4e8c\u5e55 \u72fc\u3068\u82e5\u50e7\u306e\u7fa4\u308c","name_cn":"\u72fc\u4e0e\u6210\u7fa4\u7684\u5e74\u8f7b\u4eba","duration":"","airdate":"","comment":1,"desc":"","status":"Air"},{"id":2990,"url":"http:\/\/bgm.tv\/ep\/2990","type":0,"sort":13,"name":"\u7b2c\u5341\u4e09\u5e55 \u72fc\u3068\u65b0\u305f\u306a\u65c5\u7acb\u3061","name_cn":"\u72fc\u4e0e\u65b0\u7684\u65c5\u7a0b","duration":"","airdate":"","comment":4,"desc":"","status":"Air"}],"air_date":"2008-01-08","air_weekday":2,"rating":{"total":3429,"count":{"10":198,"9":478,"8":1541,"7":881,"6":270,"5":43,"4":12,"3":3,"2":0,"1":3},"score":7.8},"rank":375,"images":{"large":"http:\/\/lain.bgm.tv\/pic\/cover\/l\/6a\/9a\/282_4X4ZF.jpg","common":"http:\/\/lain.bgm.tv\/pic\/cover\/c\/6a\/9a\/282_4X4ZF.jpg","medium":"http:\/\/lain.bgm.tv\/pic\/cover\/m\/6a\/9a\/282_4X4ZF.jpg","small":"http:\/\/lain.bgm.tv\/pic\/cover\/s\/6a\/9a\/282_4X4ZF.jpg","grid":"http:\/\/lain.bgm.tv\/pic\/cover\/g\/6a\/9a\/282_4X4ZF.jpg"},"collection":{"wish":765,"collect":4399,"doing":151,"on_hold":321,"dropped":101},"crt":[{"id":3762,"url":"http:\/\/bgm.tv\/character\/3762","name":"\u30af\u30e9\u30d5\u30c8\u30fb\u30ed\u30ec\u30f3\u30b9","name_cn":"\u514b\u62c9\u798f\u00b7\u7f57\u4f26\u65af","role_name":"\u4e3b\u89d2","images":{"large":"http:\/\/lain.bgm.tv\/pic\/crt\/l\/40\/7c\/3762_crt_SSn6o.jpg?r=1422592897","medium":"http:\/\/lain.bgm.tv\/pic\/crt\/m\/40\/7c\/3762_crt_SSn6o.jpg?r=1422592897","small":"http:\/\/lain.bgm.tv\/pic\/crt\/s\/40\/7c\/3762_crt_SSn6o.jpg?r=1422592897","grid":"http:\/\/lain.bgm.tv\/pic\/crt\/g\/40\/7c\/3762_crt_SSn6o.jpg?r=1422592897"},"comment":6,"collects":27,"info":{"name_cn":"\u514b\u62c9\u798f\u00b7\u7f57\u4f26\u65af","alias":{"zh":"\u514b\u62c9\u798f\u00b7\u52b3\u4f26\u65af","jp":"\u30af\u30e9\u30d5\u30c8\u30fb\u30ed\u30ec\u30f3\u30b9","romaji":"Kraft Lawrence","nick":"\u7f57\u5170\u65af","\u4fc4\u6587\u540d":"\u041a\u0440\u0430\u0444\u0442 \u041b\u043e\u0443\u0440\u044d\u043d\u0441"},"gender":"\u7537","source":"anidb.net"},"actors":[{"id":3818,"url":"http:\/\/bgm.tv\/person\/3818","name":"\u798f\u5c71\u6f64","images":{"large":"http:\/\/lain.bgm.tv\/pic\/crt\/l\/bf\/00\/3818_prsn_qx3xo.jpg?r=1424664805","medium":"http:\/\/lain.bgm.tv\/pic\/crt\/m\/bf\/00\/3818_prsn_qx3xo.jpg?r=1424664805","small":"http:\/\/lain.bgm.tv\/pic\/crt\/s\/bf\/00\/3818_prsn_qx3xo.jpg?r=1424664805","grid":"http:\/\/lain.bgm.tv\/pic\/crt\/g\/bf\/00\/3818_prsn_qx3xo.jpg?r=1424664805"}}]},{"id":1976,"url":"http:\/\/bgm.tv\/character\/1976","name":"\u30db\u30ed","name_cn":"\u8d6b\u841d","role_name":"\u4e3b\u89d2","images":{"large":"http:\/\/lain.bgm.tv\/pic\/crt\/l\/22\/bf\/1976_crt_j8bq9.jpg","medium":"http:\/\/lain.bgm.tv\/pic\/crt\/m\/22\/bf\/1976_crt_j8bq9.jpg","small":"http:\/\/lain.bgm.tv\/pic\/crt\/s\/22\/bf\/1976_crt_j8bq9.jpg","grid":"http:\/\/lain.bgm.tv\/pic\/crt\/g\/22\/bf\/1976_crt_j8bq9.jpg"},"comment":29,"collects":248,"info":{"name_cn":"\u8d6b\u841d","alias":{"\u4fc4\u6587\u540d":"\u0425\u043e\u043b\u043e","zh":"\u8d6b\u7f57","en":"Holo","jp":"\u30db\u30ed","romaji":"Holo","nick":"\u8d24\u72fc"},"gender":"\u5973","source":["anidb.net","Wikipedia"]},"actors":[{"id":4474,"url":"http:\/\/bgm.tv\/person\/4474","name":"\u5c0f\u6e05\u6c34\u4e9c\u7f8e","images":{"large":"http:\/\/lain.bgm.tv\/pic\/crt\/l\/f3\/50\/4474_prsn_u9o05.jpg?r=1500732320","medium":"http:\/\/lain.bgm.tv\/pic\/crt\/m\/f3\/50\/4474_prsn_u9o05.jpg?r=1500732320","small":"http:\/\/lain.bgm.tv\/pic\/crt\/s\/f3\/50\/4474_prsn_u9o05.jpg?r=1500732320","grid":"http:\/\/lain.bgm.tv\/pic\/crt\/g\/f3\/50\/4474_prsn_u9o05.jpg?r=1500732320"}}]},{"id":3763,"url":"http:\/\/bgm.tv\/character\/3763","name":"\u30af\u30ed\u30a8","name_cn":"\u5e93\u6d1b\u827e","role_name":"\u914d\u89d2","images":{"large":"http:\/\/lain.bgm.tv\/pic\/crt\/l\/7b\/a6\/3763_crt_anidb.jpg","medium":"http:\/\/lain.bgm.tv\/pic\/crt\/m\/7b\/a6\/3763_crt_anidb.jpg","small":"http:\/\/lain.bgm.tv\/pic\/crt\/s\/7b\/a6\/3763_crt_anidb.jpg","grid":"http:\/\/lain.bgm.tv\/pic\/crt\/g\/7b\/a6\/3763_crt_anidb.jpg"},"comment":0,"collects":2,"info":{"name_cn":"\u5e93\u6d1b\u827e","alias":{"jp":"\u30af\u30ed\u30a8","romaji":"Chloe"},"gender":"\u5973","source":"anidb.net"},"actors":[{"id":3922,"url":"http:\/\/bgm.tv\/person\/3922","name":"\u540d\u585a\u4f73\u7e54","images":{"large":"http:\/\/lain.bgm.tv\/pic\/crt\/l\/0b\/59\/3922_prsn_D0vOF.jpg?r=1375974725","medium":"http:\/\/lain.bgm.tv\/pic\/crt\/m\/0b\/59\/3922_prsn_D0vOF.jpg?r=1375974725","small":"http:\/\/lain.bgm.tv\/pic\/crt\/s\/0b\/59\/3922_prsn_D0vOF.jpg?r=1375974725","grid":"http:\/\/lain.bgm.tv\/pic\/crt\/g\/0b\/59\/3922_prsn_D0vOF.jpg?r=1375974725"}}]},{"id":50773,"url":"http:\/\/bgm.tv\/character\/50773","name":"\u30ce\u30fc\u30e9\u30fb\u30a2\u30ec\u30f3\u30c8","name_cn":"\u8bfa\u513f\u83c8\u00b7\u827e\u4f26","role_name":"\u914d\u89d2","images":{"large":"http:\/\/lain.bgm.tv\/pic\/crt\/l\/e4\/5c\/50773_crt_8t7QQ.jpg?r=1485857510","medium":"http:\/\/lain.bgm.tv\/pic\/crt\/m\/e4\/5c\/50773_crt_8t7QQ.jpg?r=1485857510","small":"http:\/\/lain.bgm.tv\/pic\/crt\/s\/e4\/5c\/50773_crt_8t7QQ.jpg?r=1485857510","grid":"http:\/\/lain.bgm.tv\/pic\/crt\/g\/e4\/5c\/50773_crt_8t7QQ.jpg?r=1485857510"},"comment":2,"collects":2,"info":{"name_cn":"\u8bfa\u513f\u83c8\u00b7\u827e\u4f26","alias":{"jp":"\u30ce\u30fc\u30e9\u30fb\u30a2\u30ec\u30f3\u30c8"},"gender":"\u5973"},"actors":[{"id":4145,"url":"http:\/\/bgm.tv\/person\/4145","name":"\u4e2d\u539f\u9ebb\u8863","images":{"large":"http:\/\/lain.bgm.tv\/pic\/crt\/l\/d0\/9c\/4145_prsn_uZXZ1.jpg","medium":"http:\/\/lain.bgm.tv\/pic\/crt\/m\/d0\/9c\/4145_prsn_uZXZ1.jpg","small":"http:\/\/lain.bgm.tv\/pic\/crt\/s\/d0\/9c\/4145_prsn_uZXZ1.jpg","grid":"http:\/\/lain.bgm.tv\/pic\/crt\/g\/d0\/9c\/4145_prsn_uZXZ1.jpg"}}]},{"id":50775,"url":"http:\/\/bgm.tv\/character\/50775","name":"\u30bc\u30fc\u30ec\u30f3","name_cn":"\u6770\u5ec9","role_name":"\u914d\u89d2","images":{"large":"http:\/\/lain.bgm.tv\/pic\/crt\/l\/74\/63\/50775_crt_s4224.jpg","medium":"http:\/\/lain.bgm.tv\/pic\/crt\/m\/74\/63\/50775_crt_s4224.jpg","small":"http:\/\/lain.bgm.tv\/pic\/crt\/s\/74\/63\/50775_crt_s4224.jpg","grid":"http:\/\/lain.bgm.tv\/pic\/crt\/g\/74\/63\/50775_crt_s4224.jpg"},"comment":0,"collects":0,"info":{"name_cn":"\u6770\u5ec9","alias":{"jp":"\u30bc\u30fc\u30ec\u30f3"},"gender":"\u7537"},"actors":[{"id":4254,"url":"http:\/\/bgm.tv\/person\/4254","name":"\u6d6a\u5ddd\u5927\u8f14","images":{"large":"http:\/\/lain.bgm.tv\/pic\/crt\/l\/29\/c0\/4254_seiyu_anidb.jpg","medium":"http:\/\/lain.bgm.tv\/pic\/crt\/m\/29\/c0\/4254_seiyu_anidb.jpg","small":"http:\/\/lain.bgm.tv\/pic\/crt\/s\/29\/c0\/4254_seiyu_anidb.jpg","grid":"http:\/\/lain.bgm.tv\/pic\/crt\/g\/29\/c0\/4254_seiyu_anidb.jpg"}}]},{"id":50774,"url":"http:\/\/bgm.tv\/character\/50774","name":"\u30ea\u30d2\u30c6\u30f3\u30fb\u30de\u30fc\u30eb\u30cf\u30a4\u30c8","name_cn":"\u5217\u652f\u6566\u00b7\u9a6c\u8d3a\u7279","role_name":"\u914d\u89d2","images":{"large":"http:\/\/lain.bgm.tv\/pic\/crt\/l\/aa\/8d\/50774_crt_1K4Uo.jpg","medium":"http:\/\/lain.bgm.tv\/pic\/crt\/m\/aa\/8d\/50774_crt_1K4Uo.jpg","small":"http:\/\/lain.bgm.tv\/pic\/crt\/s\/aa\/8d\/50774_crt_1K4Uo.jpg","grid":"http:\/\/lain.bgm.tv\/pic\/crt\/g\/aa\/8d\/50774_crt_1K4Uo.jpg"},"comment":0,"collects":0,"info":{"name_cn":"\u5217\u652f\u6566\u00b7\u9a6c\u8d3a\u7279","alias":{"jp":"\u30ea\u30d2\u30c6\u30f3\u30fb\u30de\u30fc\u30eb\u30cf\u30a4\u30c8"},"gender":"\u7537"},"actors":[{"id":3879,"url":"http:\/\/bgm.tv\/person\/3879","name":"\u5927\u585a\u82b3\u5fe0","images":{"large":"http:\/\/lain.bgm.tv\/pic\/crt\/l\/e8\/44\/3879_prsn_EQfF3.jpg","medium":"http:\/\/lain.bgm.tv\/pic\/crt\/m\/e8\/44\/3879_prsn_EQfF3.jpg","small":"http:\/\/lain.bgm.tv\/pic\/crt\/s\/e8\/44\/3879_prsn_EQfF3.jpg","grid":"http:\/\/lain.bgm.tv\/pic\/crt\/g\/e8\/44\/3879_prsn_EQfF3.jpg"}}]}],"staff":[{"id":3488,"url":"http:\/\/bgm.tv\/person\/3488","name":"\u652f\u5009\u51cd\u7802","name_cn":"\u652f\u4ed3\u51bb\u7802","role_name":"","images":{"large":"http:\/\/lain.bgm.tv\/pic\/crt\/l\/52\/fd\/3488_prsn_62m28.jpg","medium":"http:\/\/lain.bgm.tv\/pic\/crt\/m\/52\/fd\/3488_prsn_62m28.jpg","small":"http:\/\/lain.bgm.tv\/pic\/crt\/s\/52\/fd\/3488_prsn_62m28.jpg","grid":"http:\/\/lain.bgm.tv\/pic\/crt\/g\/52\/fd\/3488_prsn_62m28.jpg"},"comment":5,"collects":0,"info":{"name_cn":"\u652f\u4ed3\u51bb\u7802","alias":{"kana":"\u306f\u305b\u304f\u3089\u3044\u3059\u306a","romaji":"Hasekura Isuna"},"gender":"\u7537","birth":"1982\u5e7412\u670827\u65e5"},"jobs":["\u539f\u4f5c"]},{"id":1611,"url":"http:\/\/bgm.tv\/person\/1611","name":"\u9ad8\u6a4b\u4e08\u592b","name_cn":"\u9ad8\u6865\u4e08\u592b","role_name":"","images":{"large":"http:\/\/lain.bgm.tv\/pic\/crt\/l\/d8\/af\/1611_prsn_1e6rK.jpg","medium":"http:\/\/lain.bgm.tv\/pic\/crt\/m\/d8\/af\/1611_prsn_1e6rK.jpg","small":"http:\/\/lain.bgm.tv\/pic\/crt\/s\/d8\/af\/1611_prsn_1e6rK.jpg","grid":"http:\/\/lain.bgm.tv\/pic\/crt\/g\/d8\/af\/1611_prsn_1e6rK.jpg"},"comment":20,"collects":0,"info":{"name_cn":"\u9ad8\u6865\u4e08\u592b","alias":{"jp":"\u9ad8\u6a4b\u4e08\u592b","kana":"\u305f\u304b\u306f\u3057 \u305f\u3051\u304a","romaji":"Takahashi Takeo"},"gender":"\u7537"},"jobs":["\u5bfc\u6f14","\u5206\u955c","\u6f14\u51fa"]},{"id":74,"url":"http:\/\/bgm.tv\/person\/74","name":"\u8352\u5ddd\u7a14\u4e45","name_cn":"\u8352\u5ddd\u7a14\u4e45","role_name":"","images":{"large":"http:\/\/lain.bgm.tv\/pic\/crt\/l\/ad\/61\/74_prsn_anidb.jpg","medium":"http:\/\/lain.bgm.tv\/pic\/crt\/m\/ad\/61\/74_prsn_anidb.jpg","small":"http:\/\/lain.bgm.tv\/pic\/crt\/s\/ad\/61\/74_prsn_anidb.jpg","grid":"http:\/\/lain.bgm.tv\/pic\/crt\/g\/ad\/61\/74_prsn_anidb.jpg"},"comment":3,"collects":0,"info":{"name_cn":"\u8352\u5ddd\u7a14\u4e45","alias":{"\u5176\u4ed6\u540d\u4e49":"\u6728\u4e0b\u5065","jp":"\u8352\u5ddd \u7a14\u4e45","kana":"\u3042\u3089\u304b\u308f \u306a\u308b\u3072\u3055","romaji":"Arakawa Naruhisa"},"gender":"\u7537","birth":"1964-03-14","source":["Wikipedia"],"\u51fa\u751f\u5730":"\u65e5\u672c\u00b7\u7231\u77e5\u53bf"},"jobs":["\u811a\u672c"]},{"id":2865,"url":"http:\/\/bgm.tv\/person\/2865","name":"\u77e2\u5439\u52c9","name_cn":"\u77e2\u5439\u52c9","role_name":"","images":null,"comment":0,"collects":0,"info":{"name_cn":"\u77e2\u5439\u52c9","alias":{"kana":"\u3084\u3076\u304d\u3064\u3068\u3080","romaji":"Yabuki Tsutomu"},"gender":"\u7537","birth":"1963\u5e74"},"jobs":["\u5206\u955c"]},{"id":451,"url":"http:\/\/bgm.tv\/person\/451","name":"\u9ad8\u672c\u5ba3\u5f18","name_cn":"\u9ad8\u672c\u5ba3\u5f18","role_name":"","images":{"large":"http:\/\/lain.bgm.tv\/pic\/crt\/l\/94\/1e\/451_prsn_anidb.jpg","medium":"http:\/\/lain.bgm.tv\/pic\/crt\/m\/94\/1e\/451_prsn_anidb.jpg","small":"http:\/\/lain.bgm.tv\/pic\/crt\/s\/94\/1e\/451_prsn_anidb.jpg","grid":"http:\/\/lain.bgm.tv\/pic\/crt\/g\/94\/1e\/451_prsn_anidb.jpg"},"comment":0,"collects":0,"info":{"name_cn":"\u9ad8\u672c\u5ba3\u5f18","alias":{"0":"\u9ad8\u672c\u5b9c\u5f18","kana":"\u305f\u304b\u3082\u3068 \u306e\u3076\u3072\u308d","romaji":"Takamoto Nobuhiro"},"gender":"\u7537","birth":"1960\u5e74"},"jobs":["\u5206\u955c"]},{"id":11704,"url":"http:\/\/bgm.tv\/person\/11704","name":"\u5cf6\u6d25\u88d5\u884c","name_cn":"\u5c9b\u6d25\u88d5\u884c","role_name":"","images":null,"comment":0,"collects":0,"info":{"name_cn":"\u5c9b\u6d25\u88d5\u884c","alias":{"kana":"\u3057\u307e\u3065 \u3072\u308d\u3086\u304d","romaji":"shimatsu hiroyuki"}},"jobs":["\u5206\u955c"]},{"id":26536,"url":"http:\/\/bgm.tv\/person\/26536","name":"\u4e2d\u5c71\u6b63\u6075","name_cn":"\u4e2d\u5c71\u6b63\u60e0","role_name":"","images":null,"comment":0,"collects":0,"info":{"name_cn":"\u4e2d\u5c71\u6b63\u60e0"},"jobs":["\u5206\u955c"]}],"topic":[{"id":6765,"url":"http:\/\/bgm.tv\/subject\/topic\/6765","title":"\u6c42\u7f8e\u7248\u82f1\u6587\u5b57\u5e55","main_id":282,"timestamp":1459488492,"lastpost":1459488492,"replies":0,"user":{"id":211931,"url":"http:\/\/bgm.tv\/user\/dhzy","username":"dhzy","nickname":"dhzy","avatar":{"large":"http:\/\/lain.bgm.tv\/pic\/user\/l\/000\/21\/19\/211931.jpg?r=1409031872","medium":"http:\/\/lain.bgm.tv\/pic\/user\/m\/000\/21\/19\/211931.jpg?r=1409031872","small":"http:\/\/lain.bgm.tv\/pic\/user\/s\/000\/21\/19\/211931.jpg?r=1409031872"},"sign":null}},{"id":512,"url":"http:\/\/bgm.tv\/subject\/topic\/512","title":"\u4eba\u517d","main_id":282,"timestamp":1269322652,"lastpost":1269322652,"replies":0,"user":{"id":4182,"url":"http:\/\/bgm.tv\/user\/sonicyouth","username":"sonicyouth","nickname":"SonicYouth","avatar":{"large":"http:\/\/lain.bgm.tv\/pic\/user\/l\/000\/00\/41\/4182.jpg","medium":"http:\/\/lain.bgm.tv\/pic\/user\/m\/000\/00\/41\/4182.jpg","small":"http:\/\/lain.bgm.tv\/pic\/user\/s\/000\/00\/41\/4182.jpg"},"sign":null}}],"blog":[{"id":50227,"url":"http:\/\/bgm.tv\/blog\/50227","title":"\u6401\u7f6e\u4e86\u4e24\u5e74\u3002\u7b2c\u4e00\u5b63\u8865\u5b8c\u3002","summary":"\u4e24\u5e74\u524d\u5f00\u59cb\u770b\u7684\u5c0f\u8bf4\uff0c\u7ed3\u679c\u770b\u5230\u7b2c\u4e03\u5377\u5c31\u653e\u7f6e\u4e86\u3002\u7136\u540e\u8dd1\u53bb\u770b\u52a8\u753b\uff0c\u7ed3\u679c\u77e5\u9053\u6628\u5929\u4e3a\u6b62\uff0c\u4e5f\u624d\u65ad\u65ad\u7eed\u7eed\u7684\u770b\u5230\u7b2c\u4e03\u96c6\u3002\u7ec8\u4e8e\u5728\u4eca\u5929\u628a\u7b2c\u4e00\u5b63\u770b\u5b8c\u4e86\u3002\u8d81\u70ed\u628a\u7b2c\u4e8c\u5b63\u4e5f\u7ed9\u770b\u4e86\u597d\u3002\r\n\u611f\u60f3\u7684\u8bdd\uff0c\u6ca1\u4ec0\u4e48\u611f\u60f3\u3002\u76ee\u6d4b\u7b2c\u4e8c\u5b63\u4e5f\u4e0d\u4f1a\u6539\u5230\u7b2c\u4e03\u5377\u53bb\uff08\u76f8\u5bf9\u4e8e\u73b0\u5728\u7684\u8f7b\u6539\u7684\u901f\u5ea6\u6765\u8bf4\uff0c\u7b97\u662f\u5f88\u826f\u5fc3\u4e86\uff09\u3002\u53ea ...","image":"","replies":4,"timestamp":1388427527,"dateline":"2013-12-30 18:18","user":{"id":89346,"url":"http:\/\/bgm.tv\/user\/q3502221","username":"q3502221","nickname":"kyou","avatar":{"large":"http:\/\/lain.bgm.tv\/pic\/user\/l\/000\/08\/93\/89346.jpg?r=1460481013","medium":"http:\/\/lain.bgm.tv\/pic\/user\/m\/000\/08\/93\/89346.jpg?r=1460481013","small":"http:\/\/lain.bgm.tv\/pic\/user\/s\/000\/08\/93\/89346.jpg?r=1460481013"},"sign":null}}]}