[{"weekday":{"en":"Mon","cn":"\u661f\u671f\u4e00","ja":"\u6708\u8000\u65e5","id":1},"items":[{"id":175530,"url":"http:\/\/bgm.tv\/subject\/175530","type":0,"name":"Infini-T Force","name_cn":"","summary":"","eps":0,"air_date":"2017-10-02","air_weekday":1,"rating":{"total":78,"count":{"10":1,"9":4,"8":17,"7":36,"6":8,"5":8,"4":2,"3":0,"2":2,"1":0},"score":6.8},"rank":2022,"images":{"large":"http:\/\/lain.bgm.tv\/pic\/cover\/l\/2a\/c1\/175530_0BYXR.jpg","common":"http:\/\/lain.bgm.tv\/pic\/cover\/c\/2a\/c1\/175530_0BYXR.jpg","medium":"http:\/\/lain.bgm.tv\/pic\/cover\/m\/2a\/c1\/175530_0BYXR.jpg","small":"http:\/\/lain.bgm.tv\/pic\/cover\/s\/2a\/c1\/175530_0BYXR.jpg","grid":"http:\/\/lain.bgm.tv\/pic\/cover\/g\/2a\/c1\/175530_0BYXR.jpg"},"collection":{"wish":0,"collect":0,"doing":261,"on_hold":0,"dropped":0}},{"id":185442,"url":"http:\/\/bgm.tv\/subject\/185442","type":0,"name":"UQ HOLDER!\uff5e\u9b54\u6cd5\u5148\u751f\u30cd\u30ae\u307e\uff012\uff5e","name_cn":"\u60a0\u4e45\u6301\u6709\u8005\uff01\uff5e\u9b54\u6cd5\u8001\u5e08! 2\uff5e","summary":"","eps":0,"air_date":"2017-10-02","air_weekday":1,"rating":{"total":87,"count":{"10":0,"9":1,"8":8,"7":29,"6":32,"5":14,"4":1,"3":1,"2":0,"1":1},"score":6.3},"rank":2995,"images":{"large":"http:\/\/lain.bgm.tv\/pic\/cover\/l\/1b\/6f\/185442_EV1R7.jpg","common":"http:\/\/lain.bgm.tv\/pic\/cover\/c\/1b\/6f\/185442_EV1R7.jpg","medium":"http:\/\/lain.bgm.tv\/pic\/cover\/m\/1b\/6f\/185442_EV1R7.jpg","small":"http:\/\/lain.bgm.tv\/pic\/cover\/s\/1b\/6f\/185442_EV1R7.jpg","grid":"http:\/\/lain.bgm.tv\/pic\/cover\/g\/1b\/6f\/185442_EV1R7.jpg"},"collection":{"wish":0,"collect":0,"doing":247,"on_hold":0,"dropped":0}},{"id":201212,"url":"http:\/\/bgm.tv\/subject\/201212","type":0,"name":"Wake Up, Girls! \u65b0\u7ae0","name_cn":"","summary":"","eps":0,"air_date":"2017-10-09","air_weekday":1,"rating":{"total":53,"count":{"10":2,"9":0,"8":1,"7":10,"6":18,"5":10,"4":7,"3":2,"2":0,"1":3},"score":5.5},"rank":3590,"images":{"large":"http:\/\/lain.bgm.tv\/pic\/cover\/l\/1f\/d9\/201212_bBB8B.jpg","common":"http:\/\/lain.bgm.tv\/pic\/cover\/c\/1f\/d9\/201212_bBB8B.jpg","medium":"http:\/\/lain.bgm.tv\/pic\/cover\/m\/1f\/d9\/201212_bBB8B.jpg","small":"http:\/\/lain.bgm.tv\/pic\/cover\/s\/1f\/d9\/201212_bBB8B.jpg","grid":"http:\/\/lain.bgm.tv\/pic\/cover\/g\/1f\/d9\/201212_bBB8B.jpg"},"collection":{"wish":0,"collect":0,"doing":136,"on_hold":0,"dropped":0}},{"id":212609,"url":"http:\/\/bgm.tv\/subject\/212609","type":0,"name":"\u304a\u305d\u677e\u3055\u3093 \u7b2c2\u671f","name_cn":"\u963f\u677e \u7b2c\u4e8c\u5b63","summary":"","eps":0,"air_date":"2017-10-02","air_weekday":1,"rating":{"total":182,"count":{"10":6,"9":13,"8":78,"7":55,"6":20,"5":3,"4":2,"3":0,"2":1,"1":4},"score":7.3},"rank":1173,"images":{"large":"http:\/\/lain.bgm.tv\/pic\/cover\/l\/6f\/18\/212609_tMiIC.jpg","common":"http:\/\/lain.bgm.tv\/pic\/cover\/c\/6f\/18\/212609_tMiIC.jpg","medium":"http:\/\/lain.bgm.tv\/pic\/cover\/m\/6f\/18\/212609_tMiIC.jpg","small":"http:\/\/lain.bgm.tv\/pic\/cover\/s\/6f\/18\/212609_tMiIC.jpg","grid":"http:\/\/lain.bgm.tv\/pic\/cover\/g\/6f\/18\/212609_tMiIC.jpg"},"collection":{"wish":0,"collect":0,"doing":673,"on_hold":0,"dropped":0}},{"id":220667,"url":"http:\/\/bgm.tv\/subject\/220667","type":0,"name":"\u30c7\u30a3\u30a2\u30db\u30e9\u30a4\u30be\u30f3(\u88ab)","name_cn":"Dia Horizon","summary":"","eps":0,"air_date":"2017-10-02","air_weekday":1,"rating":{"total":5,"count":{"10":0,"9":0,"8":0,"7":0,"6":1,"5":1,"4":1,"3":1,"2":1,"1":0},"score":4},"rank":0,"images":{"large":"http:\/\/lain.bgm.tv\/pic\/cover\/l\/b5\/be\/220667_Edxbi.jpg","common":"http:\/\/lain.bgm.tv\/pic\/cover\/c\/b5\/be\/220667_Edxbi.jpg","medium":"http:\/\/lain.bgm.tv\/pic\/cover\/m\/b5\/be\/220667_Edxbi.jpg","small":"http:\/\/lain.bgm.tv\/pic\/cover\/s\/b5\/be\/220667_Edxbi.jpg","grid":"http:\/\/lain.bgm.tv\/pic\/cover\/g\/b5\/be\/220667_Edxbi.jpg"},"collection":{"wish":0,"collect":0,"doing":7,"on_hold":0,"dropped":0}},{"id":221293,"url":"http:\/\/bgm.tv\/subject\/221293","type":0,"name":"\u30cd\u30c8\u5145\u306e\u30b9\u30b9\u30e1","name_cn":"\u7f51\u7edc\u80dc\u5229\u7ec4","summary":"","eps":0,"air_date":"2017-10-09","air_weekday":1,"rating":{"total":120,"count":{"10":1,"9":0,"8":21,"7":45,"6":35,"5":12,"4":6,"3":0,"2":0,"1":0},"score":6.6},"rank":2631,"images":{"large":"http:\/\/lain.bgm.tv\/pic\/cover\/l\/b2\/37\/221293_J8NRr.jpg","common":"http:\/\/lain.bgm.tv\/pic\/cover\/c\/b2\/37\/221293_J8NRr.jpg","medium":"http:\/\/lain.bgm.tv\/pic\/cover\/m\/b2\/37\/221293_J8NRr.jpg","small":"http:\/\/lain.bgm.tv\/pic\/cover\/s\/b2\/37\/221293_J8NRr.jpg","grid":"http:\/\/lain.bgm.tv\/pic\/cover\/g\/b2\/37\/221293_J8NRr.jpg"},"collection":{"wish":0,"collect":0,"doing":363,"on_hold":0,"dropped":0}},{"id":226816,"url":"http:\/\/bgm.tv\/subject\/226816","type":0,"name":"aiseki MOGOL GIRL","name_cn":"\u4e1d\u7f0e\u5973\u5b69\u5bf9\u8c08","summary":"","eps":0,"air_date":"2017-10-02","air_weekday":1,"rating":{"total":14,"count":{"10":0,"9":0,"8":3,"7":5,"6":4,"5":2,"4":0,"3":0,"2":0,"1":0},"score":6.6},"rank":0,"images":{"large":"http:\/\/lain.bgm.tv\/pic\/cover\/l\/7d\/a5\/226816_J7Jb7.jpg","common":"http:\/\/lain.bgm.tv\/pic\/cover\/c\/7d\/a5\/226816_J7Jb7.jpg","medium":"http:\/\/lain.bgm.tv\/pic\/cover\/m\/7d\/a5\/226816_J7Jb7.jpg","small":"http:\/\/lain.bgm.tv\/pic\/cover\/s\/7d\/a5\/226816_J7Jb7.jpg","grid":"http:\/\/lain.bgm.tv\/pic\/cover\/g\/7d\/a5\/226816_J7Jb7.jpg"},"collection":{"wish":0,"collect":0,"doing":37,"on_hold":0,"dropped":0}},{"id":228437,"url":"http:\/\/bgm.tv\/subject\/228437","type":0,"name":"Star Wars Rebels (Season 4)","name_cn":"\u661f\u7403\u5927\u6218\uff1a\u4e49\u519b\u5d1b\u8d77 \u7b2c\u56db\u5b63","summary":"","eps":0,"air_date":"2017-10-16","air_weekday":1,"rating":{"total":1,"count":{"10":0,"9":0,"8":1,"7":0,"6":0,"5":0,"4":0,"3":0,"2":0,"1":0},"score":8},"rank":0,"images":{"large":"http:\/\/lain.bgm.tv\/pic\/cover\/l\/b7\/90\/228437_y5M2N.jpg","common":"http:\/\/lain.bgm.tv\/pic\/cover\/c\/b7\/90\/228437_y5M2N.jpg","medium":"http:\/\/lain.bgm.tv\/pic\/cover\/m\/b7\/90\/228437_y5M2N.jpg","small":"http:\/\/lain.bgm.tv\/pic\/cover\/s\/b7\/90\/228437_y5M2N.jpg","grid":"http:\/\/lain.bgm.tv\/pic\/cover\/g\/b7\/90\/228437_y5M2N.jpg"},"collection":{"wish":0,"collect":0,"doing":1,"on_hold":0,"dropped":0}},{"id":228848,"url":"http:\/\/bgm.tv\/subject\/228848","type":0,"name":"\u25cb\u25cb\u3055\u3048\u3044\u308c\u3070\u3044\u3044\u3002","name_cn":"\u5982\u679c\u6709\u25cb\u25cb\u5c31\u597d\u4e86\u3002","summary":"","eps":0,"air_date":"2017-10-09","air_weekday":1,"rating":{"total":9,"count":{"10":1,"9":0,"8":2,"7":2,"6":2,"5":2,"4":0,"3":0,"2":0,"1":0},"score":6.9},"rank":0,"images":{"large":"http:\/\/lain.bgm.tv\/pic\/cover\/l\/09\/53\/228848_jUlSO.jpg","common":"http:\/\/lain.bgm.tv\/pic\/cover\/c\/09\/53\/228848_jUlSO.jpg","medium":"http:\/\/lain.bgm.tv\/pic\/cover\/m\/09\/53\/228848_jUlSO.jpg","small":"http:\/\/lain.bgm.tv\/pic\/cover\/s\/09\/53\/228848_jUlSO.jpg","grid":"http:\/\/lain.bgm.tv\/pic\/cover\/g\/09\/53\/228848_jUlSO.jpg"},"collection":{"wish":0,"collect":0,"doing":41,"on_hold":0,"dropped":0}}]},{"weekday":{"en":"Tue","cn":"\u661f\u671f\u4e8c","ja":"\u706b\u8000\u65e5","id":2},"items":[{"id":195713,"url":"http:\/\/bgm.tv\/subject\/195713","type":0,"name":"EVIL OR LIVE","name_cn":"\u7406\u60f3\u7981\u533a","summary":"","eps":0,"air_date":"2017-10-10","air_weekday":2,"rating":{"total":13,"count":{"10":0,"9":1,"8":0,"7":3,"6":4,"5":0,"4":2,"3":2,"2":1,"1":0},"score":5.4},"rank":0,"images":{"large":"http:\/\/lain.bgm.tv\/pic\/cover\/l\/13\/fc\/195713_W33r0.jpg","common":"http:\/\/lain.bgm.tv\/pic\/cover\/c\/13\/fc\/195713_W33r0.jpg","medium":"http:\/\/lain.bgm.tv\/pic\/cover\/m\/13\/fc\/195713_W33r0.jpg","small":"http:\/\/lain.bgm.tv\/pic\/cover\/s\/13\/fc\/195713_W33r0.jpg","grid":"http:\/\/lain.bgm.tv\/pic\/cover\/g\/13\/fc\/195713_W33r0.jpg"},"collection":{"wish":0,"collect":0,"doing":32,"on_hold":0,"dropped":0}},{"id":202880,"url":"http:\/\/bgm.tv\/subject\/202880","type":0,"name":"\u30d6\u30e9\u30c3\u30af\u30af\u30ed\u30fc\u30d0\u30fc","name_cn":"\u9ed1\u8272\u4e94\u53f6\u8349","summary":"","eps":0,"air_date":"2017-10-03","air_weekday":2,"rating":{"total":145,"count":{"10":0,"9":3,"8":5,"7":19,"6":41,"5":40,"4":25,"3":6,"2":2,"1":4},"score":5.3},"rank":4237,"images":{"large":"http:\/\/lain.bgm.tv\/pic\/cover\/l\/e5\/a5\/202880_DSs8C.jpg","common":"http:\/\/lain.bgm.tv\/pic\/cover\/c\/e5\/a5\/202880_DSs8C.jpg","medium":"http:\/\/lain.bgm.tv\/pic\/cover\/m\/e5\/a5\/202880_DSs8C.jpg","small":"http:\/\/lain.bgm.tv\/pic\/cover\/s\/e5\/a5\/202880_DSs8C.jpg","grid":"http:\/\/lain.bgm.tv\/pic\/cover\/g\/e5\/a5\/202880_DSs8C.jpg"},"collection":{"wish":0,"collect":0,"doing":318,"on_hold":0,"dropped":0}},{"id":211059,"url":"http:\/\/bgm.tv\/subject\/211059","type":0,"name":"\u5341\u4e8c\u5927\u6226","name_cn":"\u5341\u4e8c\u5927\u6218","summary":"","eps":0,"air_date":"2017-10-03","air_weekday":2,"rating":{"total":384,"count":{"10":1,"9":4,"8":35,"7":128,"6":110,"5":56,"4":22,"3":12,"2":7,"1":9},"score":6},"rank":3885,"images":{"large":"http:\/\/lain.bgm.tv\/pic\/cover\/l\/d1\/56\/211059_i00j0.jpg","common":"http:\/\/lain.bgm.tv\/pic\/cover\/c\/d1\/56\/211059_i00j0.jpg","medium":"http:\/\/lain.bgm.tv\/pic\/cover\/m\/d1\/56\/211059_i00j0.jpg","small":"http:\/\/lain.bgm.tv\/pic\/cover\/s\/d1\/56\/211059_i00j0.jpg","grid":"http:\/\/lain.bgm.tv\/pic\/cover\/g\/d1\/56\/211059_i00j0.jpg"},"collection":{"wish":0,"collect":0,"doing":1009,"on_hold":0,"dropped":0}},{"id":211994,"url":"http:\/\/bgm.tv\/subject\/211994","type":0,"name":"\u6226\u523b\u30ca\u30a4\u30c8\u30d6\u30e9\u30c3\u30c9","name_cn":"\u6218\u523b\u591c\u60f3\u66f2","summary":"","eps":0,"air_date":"2017-10-03","air_weekday":2,"rating":{"total":22,"count":{"10":0,"9":0,"8":0,"7":1,"6":5,"5":13,"4":3,"3":0,"2":0,"1":0},"score":5.2},"rank":0,"images":{"large":"http:\/\/lain.bgm.tv\/pic\/cover\/l\/dc\/74\/211994_o3Njk.jpg","common":"http:\/\/lain.bgm.tv\/pic\/cover\/c\/dc\/74\/211994_o3Njk.jpg","medium":"http:\/\/lain.bgm.tv\/pic\/cover\/m\/dc\/74\/211994_o3Njk.jpg","small":"http:\/\/lain.bgm.tv\/pic\/cover\/s\/dc\/74\/211994_o3Njk.jpg","grid":"http:\/\/lain.bgm.tv\/pic\/cover\/g\/dc\/74\/211994_o3Njk.jpg"},"collection":{"wish":0,"collect":0,"doing":71,"on_hold":0,"dropped":0}},{"id":214167,"url":"http:\/\/bgm.tv\/subject\/214167","type":0,"name":"\u304a\u9152\u306f\u592b\u5a66\u306b\u306a\u3063\u3066\u304b\u3089","name_cn":"\u54c1\u9152\u8981\u5728\u6210\u4e3a\u592b\u59bb\u540e","summary":"","eps":0,"air_date":"2017-10-03","air_weekday":2,"rating":{"total":229,"count":{"10":1,"9":1,"8":18,"7":86,"6":85,"5":27,"4":4,"3":6,"2":1,"1":0},"score":6.3},"rank":3301,"images":{"large":"http:\/\/lain.bgm.tv\/pic\/cover\/l\/03\/37\/214167_5w9LX.jpg","common":"http:\/\/lain.bgm.tv\/pic\/cover\/c\/03\/37\/214167_5w9LX.jpg","medium":"http:\/\/lain.bgm.tv\/pic\/cover\/m\/03\/37\/214167_5w9LX.jpg","small":"http:\/\/lain.bgm.tv\/pic\/cover\/s\/03\/37\/214167_5w9LX.jpg","grid":"http:\/\/lain.bgm.tv\/pic\/cover\/g\/03\/37\/214167_5w9LX.jpg"},"collection":{"wish":0,"collect":0,"doing":670,"on_hold":0,"dropped":0}},{"id":217632,"url":"http:\/\/bgm.tv\/subject\/217632","type":0,"name":"\u98df\u621f\u306e\u30bd\u30fc\u30de \u9910\u30ce\u76bf","name_cn":"\u98df\u621f\u4e4b\u7075 \u9910\u4e4b\u76bf","summary":"","eps":0,"air_date":"2017-10-03","air_weekday":2,"rating":{"total":260,"count":{"10":3,"9":7,"8":67,"7":118,"6":50,"5":7,"4":5,"3":2,"2":1,"1":0},"score":7},"rank":1872,"images":{"large":"http:\/\/lain.bgm.tv\/pic\/cover\/l\/c7\/f9\/217632_wrjSL.jpg","common":"http:\/\/lain.bgm.tv\/pic\/cover\/c\/c7\/f9\/217632_wrjSL.jpg","medium":"http:\/\/lain.bgm.tv\/pic\/cover\/m\/c7\/f9\/217632_wrjSL.jpg","small":"http:\/\/lain.bgm.tv\/pic\/cover\/s\/c7\/f9\/217632_wrjSL.jpg","grid":"http:\/\/lain.bgm.tv\/pic\/cover\/g\/c7\/f9\/217632_wrjSL.jpg"},"collection":{"wish":0,"collect":0,"doing":933,"on_hold":0,"dropped":0}},{"id":219483,"url":"http:\/\/bgm.tv\/subject\/219483","type":0,"name":"\u30a2\u30a4\u30c9\u30eb\u30de\u30b9\u30bf\u30fc\u30b7\u30f3\u30c7\u30ec\u30e9\u30ac\u30fc\u30eb\u30ba\u5287\u5834 \u7b2c2\u671f","name_cn":"\u5076\u50cf\u5927\u5e08 \u7070\u59d1\u5a18\u5973\u5b69\u5267\u573a \u7b2c\u4e8c\u5b63","summary":"","eps":0,"air_date":"2017-10-03","air_weekday":2,"rating":{"total":60,"count":{"10":1,"9":0,"8":12,"7":35,"6":7,"5":2,"4":1,"3":0,"2":0,"1":2},"score":6.8},"rank":1936,"images":{"large":"http:\/\/lain.bgm.tv\/pic\/cover\/l\/29\/2f\/219483_lM7l4.jpg","common":"http:\/\/lain.bgm.tv\/pic\/cover\/c\/29\/2f\/219483_lM7l4.jpg","medium":"http:\/\/lain.bgm.tv\/pic\/cover\/m\/29\/2f\/219483_lM7l4.jpg","small":"http:\/\/lain.bgm.tv\/pic\/cover\/s\/29\/2f\/219483_lM7l4.jpg","grid":"http:\/\/lain.bgm.tv\/pic\/cover\/g\/29\/2f\/219483_lM7l4.jpg"},"collection":{"wish":0,"collect":0,"doing":214,"on_hold":0,"dropped":0}},{"id":226004,"url":"http:\/\/bgm.tv\/subject\/226004","type":0,"name":"\u3072\u3068\u308a\u66ae\u3089\u3057\u306e\u5c0f\u5b66\u751f","name_cn":"\u72ec\u81ea\u751f\u6d3b\u7684\u5c0f\u5b66\u751f","summary":"","eps":0,"air_date":"2017-10-10","air_weekday":2,"rating":{"total":16,"count":{"10":0,"9":0,"8":3,"7":6,"6":6,"5":1,"4":0,"3":0,"2":0,"1":0},"score":6.7},"rank":0,"images":{"large":"http:\/\/lain.bgm.tv\/pic\/cover\/l\/0c\/8f\/226004_SsJdN.jpg","common":"http:\/\/lain.bgm.tv\/pic\/cover\/c\/0c\/8f\/226004_SsJdN.jpg","medium":"http:\/\/lain.bgm.tv\/pic\/cover\/m\/0c\/8f\/226004_SsJdN.jpg","small":"http:\/\/lain.bgm.tv\/pic\/cover\/s\/0c\/8f\/226004_SsJdN.jpg","grid":"http:\/\/lain.bgm.tv\/pic\/cover\/g\/0c\/8f\/226004_SsJdN.jpg"},"collection":{"wish":0,"collect":0,"doing":74,"on_hold":0,"dropped":0}},{"id":226622,"url":"http:\/\/bgm.tv\/subject\/226622","type":0,"name":"\u795e\u5951\u5e7b\u5947\u8c2d","name_cn":"\u795e\u5951\u5e7b\u5947\u8c2d","summary":"","eps":0,"air_date":"2017-10-31","air_weekday":2,"rating":{"total":4,"count":{"10":0,"9":0,"8":0,"7":2,"6":0,"5":0,"4":0,"3":0,"2":1,"1":1},"score":4.3},"rank":0,"images":{"large":"http:\/\/lain.bgm.tv\/pic\/cover\/l\/bb\/a9\/226622_8kl88.jpg","common":"http:\/\/lain.bgm.tv\/pic\/cover\/c\/bb\/a9\/226622_8kl88.jpg","medium":"http:\/\/lain.bgm.tv\/pic\/cover\/m\/bb\/a9\/226622_8kl88.jpg","small":"http:\/\/lain.bgm.tv\/pic\/cover\/s\/bb\/a9\/226622_8kl88.jpg","grid":"http:\/\/lain.bgm.tv\/pic\/cover\/g\/bb\/a9\/226622_8kl88.jpg"},"collection":{"wish":0,"collect":0,"doing":8,"on_hold":0,"dropped":0}},{"id":227532,"url":"http:\/\/bgm.tv\/subject\/227532","type":0,"name":"\u996e\u6e56\u4e0a\u521d\u6674\u540e\u96e8","name_cn":"\u996e\u6e56\u4e0a\u521d\u6674\u540e\u96e8","summary":"","eps":0,"air_date":"2017-10-10","air_weekday":2,"rating":{"total":25,"count":{"10":1,"9":2,"8":10,"7":8,"6":3,"5":0,"4":1,"3":0,"2":0,"1":0},"score":7.4},"rank":0,"images":{"large":"http:\/\/lain.bgm.tv\/pic\/cover\/l\/74\/fc\/227532_6Hmih.jpg","common":"http:\/\/lain.bgm.tv\/pic\/cover\/c\/74\/fc\/227532_6Hmih.jpg","medium":"http:\/\/lain.bgm.tv\/pic\/cover\/m\/74\/fc\/227532_6Hmih.jpg","small":"http:\/\/lain.bgm.tv\/pic\/cover\/s\/74\/fc\/227532_6Hmih.jpg","grid":"http:\/\/lain.bgm.tv\/pic\/cover\/g\/74\/fc\/227532_6Hmih.jpg"},"collection":{"wish":0,"collect":0,"doing":4,"on_hold":0,"dropped":0}},{"id":228891,"url":"http:\/\/bgm.tv\/subject\/228891","type":0,"name":"\u8352\u91ce\u4e4b\u6b4c","name_cn":"\u8352\u91ce\u4e4b\u6b4c","summary":"","eps":0,"air_date":"2017-10-31","air_weekday":2,"rating":{"total":0,"count":{"10":0,"9":0,"8":0,"7":0,"6":0,"5":0,"4":0,"3":0,"2":0,"1":0},"score":0},"rank":0,"images":{"large":"http:\/\/lain.bgm.tv\/pic\/cover\/l\/4e\/57\/228891_zX4Cn.jpg","common":"http:\/\/lain.bgm.tv\/pic\/cover\/c\/4e\/57\/228891_zX4Cn.jpg","medium":"http:\/\/lain.bgm.tv\/pic\/cover\/m\/4e\/57\/228891_zX4Cn.jpg","small":"http:\/\/lain.bgm.tv\/pic\/cover\/s\/4e\/57\/228891_zX4Cn.jpg","grid":"http:\/\/lain.bgm.tv\/pic\/cover\/g\/4e\/57\/228891_zX4Cn.jpg"},"collection":{"wish":0,"collect":0,"doing":0,"on_hold":0,"dropped":0}}]},{"weekday":{"en":"Wed","cn":"\u661f\u671f\u4e09","ja":"\u6c34\u8000\u65e5","id":3},"items":[{"id":200355,"url":"http:\/\/bgm.tv\/subject\/200355","type":0,"name":"TSUKIPRO THE ANIMATION","name_cn":"","summary":"","eps":0,"air_date":"2017-10-04","air_weekday":3,"rating":{"total":12,"count":{"10":0,"9":0,"8":0,"7":5,"6":4,"5":2,"4":1,"3":0,"2":0,"1":0},"score":6.1},"rank":0,"images":{"large":"http:\/\/lain.bgm.tv\/pic\/cover\/l\/1f\/ec\/200355_99ui0.jpg","common":"http:\/\/lain.bgm.tv\/pic\/cover\/c\/1f\/ec\/200355_99ui0.jpg","medium":"http:\/\/lain.bgm.tv\/pic\/cover\/m\/1f\/ec\/200355_99ui0.jpg","small":"http:\/\/lain.bgm.tv\/pic\/cover\/s\/1f\/ec\/200355_99ui0.jpg","grid":"http:\/\/lain.bgm.tv\/pic\/cover\/g\/1f\/ec\/200355_99ui0.jpg"},"collection":{"wish":0,"collect":0,"doing":60,"on_hold":0,"dropped":0}},{"id":211934,"url":"http:\/\/bgm.tv\/subject\/211934","type":0,"name":"\u3053\u306e\u306f\u306a\u7dba\u8b5a","name_cn":"\u6b64\u82b1\u7eee\u8c2d","summary":"","eps":0,"air_date":"2017-10-04","air_weekday":3,"rating":{"total":332,"count":{"10":16,"9":21,"8":96,"7":120,"6":61,"5":15,"4":2,"3":0,"2":0,"1":1},"score":7.3},"rank":1325,"images":{"large":"http:\/\/lain.bgm.tv\/pic\/cover\/l\/ab\/fd\/211934_Q205F.jpg","common":"http:\/\/lain.bgm.tv\/pic\/cover\/c\/ab\/fd\/211934_Q205F.jpg","medium":"http:\/\/lain.bgm.tv\/pic\/cover\/m\/ab\/fd\/211934_Q205F.jpg","small":"http:\/\/lain.bgm.tv\/pic\/cover\/s\/ab\/fd\/211934_Q205F.jpg","grid":"http:\/\/lain.bgm.tv\/pic\/cover\/g\/ab\/fd\/211934_Q205F.jpg"},"collection":{"wish":0,"collect":0,"doing":859,"on_hold":0,"dropped":0}},{"id":212004,"url":"http:\/\/bgm.tv\/subject\/212004","type":0,"name":"URAHARA","name_cn":"URAHARA","summary":"","eps":0,"air_date":"2017-10-04","air_weekday":3,"rating":{"total":132,"count":{"10":1,"9":3,"8":12,"7":34,"6":45,"5":22,"4":10,"3":0,"2":1,"1":4},"score":6},"rank":3490,"images":{"large":"http:\/\/lain.bgm.tv\/pic\/cover\/l\/b4\/48\/212004_ThdEq.jpg","common":"http:\/\/lain.bgm.tv\/pic\/cover\/c\/b4\/48\/212004_ThdEq.jpg","medium":"http:\/\/lain.bgm.tv\/pic\/cover\/m\/b4\/48\/212004_ThdEq.jpg","small":"http:\/\/lain.bgm.tv\/pic\/cover\/s\/b4\/48\/212004_ThdEq.jpg","grid":"http:\/\/lain.bgm.tv\/pic\/cover\/g\/b4\/48\/212004_ThdEq.jpg"},"collection":{"wish":0,"collect":0,"doing":281,"on_hold":0,"dropped":0}},{"id":216570,"url":"http:\/\/bgm.tv\/subject\/216570","type":0,"name":"\u50d5\u306e\u5f7c\u5973\u304c\u30de\u30b8\u30e1\u904e\u304e\u308b\u3057\u3087\u3073\u3063\u3061\u306a\u4ef6","name_cn":"\u5173\u4e8e\u6211\u5973\u53cb\u662f\u4e2a\u4e00\u672c\u6b63\u7ecf\u7684\u78a7\u6c60\u8fd9\u4ef6\u4e8b","summary":"","eps":0,"air_date":"2017-10-11","air_weekday":3,"rating":{"total":206,"count":{"10":1,"9":1,"8":6,"7":23,"6":62,"5":51,"4":32,"3":15,"2":7,"1":8},"score":5.1},"rank":4356,"images":{"large":"http:\/\/lain.bgm.tv\/pic\/cover\/l\/5b\/97\/216570_cPpsi.jpg","common":"http:\/\/lain.bgm.tv\/pic\/cover\/c\/5b\/97\/216570_cPpsi.jpg","medium":"http:\/\/lain.bgm.tv\/pic\/cover\/m\/5b\/97\/216570_cPpsi.jpg","small":"http:\/\/lain.bgm.tv\/pic\/cover\/s\/5b\/97\/216570_cPpsi.jpg","grid":"http:\/\/lain.bgm.tv\/pic\/cover\/g\/5b\/97\/216570_cPpsi.jpg"},"collection":{"wish":0,"collect":0,"doing":491,"on_hold":0,"dropped":0}},{"id":219759,"url":"http:\/\/bgm.tv\/subject\/219759","type":0,"name":"\u96e8\u8272\u30b3\u30b3\u30a2 ame-con!!","name_cn":"\u96e8\u8272\u53ef\u53ef ame-con!!","summary":"","eps":0,"air_date":"2017-10-04","air_weekday":3,"rating":{"total":0,"count":{"10":0,"9":0,"8":0,"7":0,"6":0,"5":0,"4":0,"3":0,"2":0,"1":0},"score":0},"rank":0,"images":{"large":"http:\/\/lain.bgm.tv\/pic\/cover\/l\/ea\/1a\/219759_gSqvp.jpg","common":"http:\/\/lain.bgm.tv\/pic\/cover\/c\/ea\/1a\/219759_gSqvp.jpg","medium":"http:\/\/lain.bgm.tv\/pic\/cover\/m\/ea\/1a\/219759_gSqvp.jpg","small":"http:\/\/lain.bgm.tv\/pic\/cover\/s\/ea\/1a\/219759_gSqvp.jpg","grid":"http:\/\/lain.bgm.tv\/pic\/cover\/g\/ea\/1a\/219759_gSqvp.jpg"},"collection":{"wish":0,"collect":0,"doing":20,"on_hold":0,"dropped":0}},{"id":222227,"url":"http:\/\/bgm.tv\/subject\/222227","type":0,"name":"\u4ffa\u305f\u3061\u3083\u5996\u602a\u4eba\u9593","name_cn":"\u6211\u4eec\u662f\u5996\u602a\u4eba\u95f4","summary":"","eps":0,"air_date":"2017-10-04","air_weekday":3,"rating":{"total":0,"count":{"10":0,"9":0,"8":0,"7":0,"6":0,"5":0,"4":0,"3":0,"2":0,"1":0},"score":0},"rank":0,"images":{"large":"http:\/\/lain.bgm.tv\/pic\/cover\/l\/14\/e2\/222227_ao7YH.jpg","common":"http:\/\/lain.bgm.tv\/pic\/cover\/c\/14\/e2\/222227_ao7YH.jpg","medium":"http:\/\/lain.bgm.tv\/pic\/cover\/m\/14\/e2\/222227_ao7YH.jpg","small":"http:\/\/lain.bgm.tv\/pic\/cover\/s\/14\/e2\/222227_ao7YH.jpg","grid":"http:\/\/lain.bgm.tv\/pic\/cover\/g\/14\/e2\/222227_ao7YH.jpg"},"collection":{"wish":0,"collect":0,"doing":4,"on_hold":0,"dropped":0}},{"id":223145,"url":"http:\/\/bgm.tv\/subject\/223145","type":0,"name":"\u56fd\u6c11\u8001\u516c\u5e26\u56de\u5bb6 \u7b2c\u4e09\u5b63","name_cn":"\u56fd\u6c11\u8001\u516c\u5e26\u56de\u5bb6 \u7b2c\u4e09\u5b63","summary":"","eps":0,"air_date":"2017-10-25","air_weekday":3,"rating":{"total":0,"count":{"10":0,"9":0,"8":0,"7":0,"6":0,"5":0,"4":0,"3":0,"2":0,"1":0},"score":0},"rank":0,"images":{"large":"http:\/\/lain.bgm.tv\/pic\/cover\/l\/e2\/db\/223145_uu3pP.jpg","common":"http:\/\/lain.bgm.tv\/pic\/cover\/c\/e2\/db\/223145_uu3pP.jpg","medium":"http:\/\/lain.bgm.tv\/pic\/cover\/m\/e2\/db\/223145_uu3pP.jpg","small":"http:\/\/lain.bgm.tv\/pic\/cover\/s\/e2\/db\/223145_uu3pP.jpg","grid":"http:\/\/lain.bgm.tv\/pic\/cover\/g\/e2\/db\/223145_uu3pP.jpg"},"collection":{"wish":0,"collect":0,"doing":1,"on_hold":0,"dropped":0}},{"id":226942,"url":"http:\/\/bgm.tv\/subject\/226942","type":0,"name":"ROAD TO YOU \uff5e\u541b\u3078\u3068\u7d9a\u304f\u9053\uff5e","name_cn":"ROAD TO YOU\uff5e\u901a\u5411\u4f60\u7684\u9053\u8def\uff5e","summary":"","eps":0,"air_date":"2017-10-11","air_weekday":3,"rating":{"total":32,"count":{"10":1,"9":0,"8":1,"7":5,"6":17,"5":5,"4":3,"3":0,"2":0,"1":0},"score":6},"rank":0,"images":{"large":"http:\/\/lain.bgm.tv\/pic\/cover\/l\/c2\/47\/226942_Js1s1.jpg","common":"http:\/\/lain.bgm.tv\/pic\/cover\/c\/c2\/47\/226942_Js1s1.jpg","medium":"http:\/\/lain.bgm.tv\/pic\/cover\/m\/c2\/47\/226942_Js1s1.jpg","small":"http:\/\/lain.bgm.tv\/pic\/cover\/s\/c2\/47\/226942_Js1s1.jpg","grid":"http:\/\/lain.bgm.tv\/pic\/cover\/g\/c2\/47\/226942_Js1s1.jpg"},"collection":{"wish":0,"collect":0,"doing":4,"on_hold":0,"dropped":0}},{"id":227573,"url":"http:\/\/bgm.tv\/subject\/227573","type":0,"name":"\u7eb3\u7c73\u6838\u5fc3 \u7279\u522b\u7bc7","name_cn":"\u7eb3\u7c73\u6838\u5fc3 \u7279\u522b\u7bc7","summary":"","eps":0,"air_date":"2017-10-11","air_weekday":3,"rating":{"total":0,"count":{"10":0,"9":0,"8":0,"7":0,"6":0,"5":0,"4":0,"3":0,"2":0,"1":0},"score":0},"rank":0,"images":{"large":"http:\/\/lain.bgm.tv\/pic\/cover\/l\/12\/13\/227573_lYLKz.jpg","common":"http:\/\/lain.bgm.tv\/pic\/cover\/c\/12\/13\/227573_lYLKz.jpg","medium":"http:\/\/lain.bgm.tv\/pic\/cover\/m\/12\/13\/227573_lYLKz.jpg","small":"http:\/\/lain.bgm.tv\/pic\/cover\/s\/12\/13\/227573_lYLKz.jpg","grid":"http:\/\/lain.bgm.tv\/pic\/cover\/g\/12\/13\/227573_lYLKz.jpg"},"collection":{"wish":0,"collect":0,"doing":1,"on_hold":0,"dropped":0}},{"id":227650,"url":"http:\/\/bgm.tv\/subject\/227650","type":0,"name":"\u9ec4\u91d1\u5c4b","name_cn":"\u9ec4\u91d1\u5c4b","summary":"","eps":0,"air_date":"2017-10-11","air_weekday":3,"rating":{"total":0,"count":{"10":0,"9":0,"8":0,"7":0,"6":0,"5":0,"4":0,"3":0,"2":0,"1":0},"score":0},"rank":0,"images":{"large":"http:\/\/lain.bgm.tv\/pic\/cover\/l\/b8\/89\/227650_5sCoR.jpg","common":"http:\/\/lain.bgm.tv\/pic\/cover\/c\/b8\/89\/227650_5sCoR.jpg","medium":"http:\/\/lain.bgm.tv\/pic\/cover\/m\/b8\/89\/227650_5sCoR.jpg","small":"http:\/\/lain.bgm.tv\/pic\/cover\/s\/b8\/89\/227650_5sCoR.jpg","grid":"http:\/\/lain.bgm.tv\/pic\/cover\/g\/b8\/89\/227650_5sCoR.jpg"},"collection":{"wish":0,"collect":0,"doing":0,"on_hold":0,"dropped":0}},{"id":228112,"url":"http:\/\/bgm.tv\/subject\/228112","type":0,"name":"\u9047\u8d31\u5154\u65af\u57fa","name_cn":"\u9047\u8d31\u5154\u65af\u57fa","summary":"","eps":0,"air_date":"2017-10-18","air_weekday":3,"rating":{"total":1,"count":{"10":0,"9":0,"8":0,"7":0,"6":0,"5":0,"4":0,"3":1,"2":0,"1":0},"score":3},"rank":0,"images":{"large":"http:\/\/lain.bgm.tv\/pic\/cover\/l\/71\/3d\/228112_j10yD.jpg","common":"http:\/\/lain.bgm.tv\/pic\/cover\/c\/71\/3d\/228112_j10yD.jpg","medium":"http:\/\/lain.bgm.tv\/pic\/cover\/m\/71\/3d\/228112_j10yD.jpg","small":"http:\/\/lain.bgm.tv\/pic\/cover\/s\/71\/3d\/228112_j10yD.jpg","grid":"http:\/\/lain.bgm.tv\/pic\/cover\/g\/71\/3d\/228112_j10yD.jpg"},"collection":{"wish":0,"collect":0,"doing":0,"on_hold":0,"dropped":0}},{"id":228129,"url":"http:\/\/bgm.tv\/subject\/228129","type":0,"name":"\u6211\u662f\u4e00\u53ea\u72ec\u89d2\u517d","name_cn":"\u6211\u662f\u4e00\u53ea\u72ec\u89d2\u517d","summary":"","eps":0,"air_date":"2017-10-18","air_weekday":3,"rating":{"total":1,"count":{"10":0,"9":0,"8":0,"7":0,"6":1,"5":0,"4":0,"3":0,"2":0,"1":0},"score":6},"rank":0,"images":{"large":"http:\/\/lain.bgm.tv\/pic\/cover\/l\/3a\/29\/228129_SzVkG.jpg","common":"http:\/\/lain.bgm.tv\/pic\/cover\/c\/3a\/29\/228129_SzVkG.jpg","medium":"http:\/\/lain.bgm.tv\/pic\/cover\/m\/3a\/29\/228129_SzVkG.jpg","small":"http:\/\/lain.bgm.tv\/pic\/cover\/s\/3a\/29\/228129_SzVkG.jpg","grid":"http:\/\/lain.bgm.tv\/pic\/cover\/g\/3a\/29\/228129_SzVkG.jpg"},"collection":{"wish":0,"collect":0,"doing":0,"on_hold":0,"dropped":0}},{"id":228884,"url":"http:\/\/bgm.tv\/subject\/228884","type":0,"name":"\u4e09\u56fd\u6f14\u4e49","name_cn":"\u4e09\u56fd\u6f14\u4e49","summary":"","eps":0,"air_date":"2017-10-18","air_weekday":3,"rating":{"total":2,"count":{"10":0,"9":0,"8":0,"7":0,"6":2,"5":0,"4":0,"3":0,"2":0,"1":0},"score":6},"rank":0,"images":{"large":"http:\/\/lain.bgm.tv\/pic\/cover\/l\/73\/a7\/228884_1Udc2.jpg","common":"http:\/\/lain.bgm.tv\/pic\/cover\/c\/73\/a7\/228884_1Udc2.jpg","medium":"http:\/\/lain.bgm.tv\/pic\/cover\/m\/73\/a7\/228884_1Udc2.jpg","small":"http:\/\/lain.bgm.tv\/pic\/cover\/s\/73\/a7\/228884_1Udc2.jpg","grid":"http:\/\/lain.bgm.tv\/pic\/cover\/g\/73\/a7\/228884_1Udc2.jpg"},"collection":{"wish":0,"collect":0,"doing":2,"on_hold":0,"dropped":0}}]},{"weekday":{"en":"Thu","cn":"\u661f\u671f\u56db","ja":"\u6728\u8000\u65e5","id":4},"items":[{"id":2782,"url":"http:\/\/bgm.tv\/subject\/2782","type":0,"name":"NARUTO -\u30ca\u30eb\u30c8- \u75be\u98a8\u4f1d","name_cn":"\u706b\u5f71\u5fcd\u8005\u75be\u98ce\u4f20","summary":"","eps":0,"air_date":"2007-02-15","air_weekday":4,"rating":{"total":1671,"count":{"10":162,"9":164,"8":350,"7":516,"6":269,"5":123,"4":40,"3":17,"2":7,"1":23},"score":7.2},"rank":1493,"images":{"large":"http:\/\/lain.bgm.tv\/pic\/cover\/l\/60\/24\/2782_r0650.jpg","common":"http:\/\/lain.bgm.tv\/pic\/cover\/c\/60\/24\/2782_r0650.jpg","medium":"http:\/\/lain.bgm.tv\/pic\/cover\/m\/60\/24\/2782_r0650.jpg","small":"http:\/\/lain.bgm.tv\/pic\/cover\/s\/60\/24\/2782_r0650.jpg","grid":"http:\/\/lain.bgm.tv\/pic\/cover\/g\/60\/24\/2782_r0650.jpg"},"collection":{"wish":0,"collect":0,"doing":970,"on_hold":0,"dropped":0}},{"id":202268,"url":"http:\/\/bgm.tv\/subject\/202268","type":0,"name":"\u3044\u306c\u3084\u3057\u304d","name_cn":"\u72ac\u5c4b\u6577","summary":"","eps":0,"air_date":"2017-10-12","air_weekday":4,"rating":{"total":241,"count":{"10":3,"9":12,"8":64,"7":102,"6":45,"5":9,"4":2,"3":1,"2":0,"1":3},"score":7},"rank":1777,"images":{"large":"http:\/\/lain.bgm.tv\/pic\/cover\/l\/98\/10\/202268_366T6.jpg","common":"http:\/\/lain.bgm.tv\/pic\/cover\/c\/98\/10\/202268_366T6.jpg","medium":"http:\/\/lain.bgm.tv\/pic\/cover\/m\/98\/10\/202268_366T6.jpg","small":"http:\/\/lain.bgm.tv\/pic\/cover\/s\/98\/10\/202268_366T6.jpg","grid":"http:\/\/lain.bgm.tv\/pic\/cover\/g\/98\/10\/202268_366T6.jpg"},"collection":{"wish":0,"collect":0,"doing":816,"on_hold":0,"dropped":0}},{"id":206273,"url":"http:\/\/bgm.tv\/subject\/206273","type":0,"name":"DYNAMIC CHORD","name_cn":"","summary":"","eps":0,"air_date":"2017-10-05","air_weekday":4,"rating":{"total":15,"count":{"10":0,"9":0,"8":0,"7":0,"6":0,"5":1,"4":2,"3":0,"2":1,"1":11},"score":1.7},"rank":0,"images":{"large":"http:\/\/lain.bgm.tv\/pic\/cover\/l\/ee\/45\/206273_VL8tV.jpg","common":"http:\/\/lain.bgm.tv\/pic\/cover\/c\/ee\/45\/206273_VL8tV.jpg","medium":"http:\/\/lain.bgm.tv\/pic\/cover\/m\/ee\/45\/206273_VL8tV.jpg","small":"http:\/\/lain.bgm.tv\/pic\/cover\/s\/ee\/45\/206273_VL8tV.jpg","grid":"http:\/\/lain.bgm.tv\/pic\/cover\/g\/ee\/45\/206273_VL8tV.jpg"},"collection":{"wish":0,"collect":0,"doing":11,"on_hold":0,"dropped":0}},{"id":212278,"url":"http:\/\/bgm.tv\/subject\/212278","type":0,"name":"Just Because!","name_cn":"","summary":"","eps":0,"air_date":"2017-10-05","air_weekday":4,"rating":{"total":354,"count":{"10":14,"9":17,"8":87,"7":148,"6":60,"5":18,"4":5,"3":3,"2":0,"1":2},"score":7.1},"rank":1685,"images":{"large":"http:\/\/lain.bgm.tv\/pic\/cover\/l\/cf\/9d\/212278_zwYLL.jpg","common":"http:\/\/lain.bgm.tv\/pic\/cover\/c\/cf\/9d\/212278_zwYLL.jpg","medium":"http:\/\/lain.bgm.tv\/pic\/cover\/m\/cf\/9d\/212278_zwYLL.jpg","small":"http:\/\/lain.bgm.tv\/pic\/cover\/s\/cf\/9d\/212278_zwYLL.jpg","grid":"http:\/\/lain.bgm.tv\/pic\/cover\/g\/cf\/9d\/212278_zwYLL.jpg"},"collection":{"wish":0,"collect":0,"doing":1039,"on_hold":0,"dropped":0}},{"id":221119,"url":"http:\/\/bgm.tv\/subject\/221119","type":0,"name":"\u738b\u69d8\u30b2\u30fc\u30e0 The Animation","name_cn":"\u56fd\u738b\u6e38\u620f","summary":"","eps":0,"air_date":"2017-10-05","air_weekday":4,"rating":{"total":177,"count":{"10":0,"9":0,"8":2,"7":6,"6":13,"5":21,"4":31,"3":28,"2":23,"1":53},"score":3.1},"rank":4422,"images":{"large":"http:\/\/lain.bgm.tv\/pic\/cover\/l\/87\/ed\/221119_rmFW1.jpg","common":"http:\/\/lain.bgm.tv\/pic\/cover\/c\/87\/ed\/221119_rmFW1.jpg","medium":"http:\/\/lain.bgm.tv\/pic\/cover\/m\/87\/ed\/221119_rmFW1.jpg","small":"http:\/\/lain.bgm.tv\/pic\/cover\/s\/87\/ed\/221119_rmFW1.jpg","grid":"http:\/\/lain.bgm.tv\/pic\/cover\/g\/87\/ed\/221119_rmFW1.jpg"},"collection":{"wish":0,"collect":0,"doing":272,"on_hold":0,"dropped":0}},{"id":227059,"url":"http:\/\/bgm.tv\/subject\/227059","type":0,"name":"\u304f\u308b\u306d\u3053 \u30bf\u30c6\u30a2\u30cb\u30e1\u30d0\u30fc\u30b8\u30e7\u30f3","name_cn":"","summary":"","eps":0,"air_date":"2017-10-05","air_weekday":4,"rating":{"total":0,"count":{"10":0,"9":0,"8":0,"7":0,"6":0,"5":0,"4":0,"3":0,"2":0,"1":0},"score":0},"rank":0,"images":{"large":"http:\/\/lain.bgm.tv\/pic\/cover\/l\/2e\/bd\/227059_4FZuJ.jpg","common":"http:\/\/lain.bgm.tv\/pic\/cover\/c\/2e\/bd\/227059_4FZuJ.jpg","medium":"http:\/\/lain.bgm.tv\/pic\/cover\/m\/2e\/bd\/227059_4FZuJ.jpg","small":"http:\/\/lain.bgm.tv\/pic\/cover\/s\/2e\/bd\/227059_4FZuJ.jpg","grid":"http:\/\/lain.bgm.tv\/pic\/cover\/g\/2e\/bd\/227059_4FZuJ.jpg"},"collection":{"wish":0,"collect":0,"doing":4,"on_hold":0,"dropped":0}},{"id":227389,"url":"http:\/\/bgm.tv\/subject\/227389","type":0,"name":"\u79e6\u65f6\u660e\u6708\u4e4b\u533b\u8005\u5165\u4e16","name_cn":"\u79e6\u65f6\u660e\u6708\u4e4b\u533b\u8005\u5165\u4e16","summary":"","eps":0,"air_date":"2017-10-05","air_weekday":4,"rating":{"total":12,"count":{"10":0,"9":0,"8":0,"7":1,"6":4,"5":3,"4":2,"3":1,"2":0,"1":1},"score":4.8},"rank":0,"images":{"large":"http:\/\/lain.bgm.tv\/pic\/cover\/l\/f5\/67\/227389_ZwKB4.jpg","common":"http:\/\/lain.bgm.tv\/pic\/cover\/c\/f5\/67\/227389_ZwKB4.jpg","medium":"http:\/\/lain.bgm.tv\/pic\/cover\/m\/f5\/67\/227389_ZwKB4.jpg","small":"http:\/\/lain.bgm.tv\/pic\/cover\/s\/f5\/67\/227389_ZwKB4.jpg","grid":"http:\/\/lain.bgm.tv\/pic\/cover\/g\/f5\/67\/227389_ZwKB4.jpg"},"collection":{"wish":0,"collect":0,"doing":0,"on_hold":0,"dropped":0}},{"id":227663,"url":"http:\/\/bgm.tv\/subject\/227663","type":0,"name":"\u5251\u738b\u671d \u7b2c2\u5b63","name_cn":"\u5251\u738b\u671d \u7b2c\u4e8c\u5b63","summary":"","eps":0,"air_date":"2017-10-12","air_weekday":4,"rating":{"total":0,"count":{"10":0,"9":0,"8":0,"7":0,"6":0,"5":0,"4":0,"3":0,"2":0,"1":0},"score":0},"rank":0,"images":{"large":"http:\/\/lain.bgm.tv\/pic\/cover\/l\/8a\/e2\/227663_aN9kA.jpg","common":"http:\/\/lain.bgm.tv\/pic\/cover\/c\/8a\/e2\/227663_aN9kA.jpg","medium":"http:\/\/lain.bgm.tv\/pic\/cover\/m\/8a\/e2\/227663_aN9kA.jpg","small":"http:\/\/lain.bgm.tv\/pic\/cover\/s\/8a\/e2\/227663_aN9kA.jpg","grid":"http:\/\/lain.bgm.tv\/pic\/cover\/g\/8a\/e2\/227663_aN9kA.jpg"},"collection":{"wish":0,"collect":0,"doing":0,"on_hold":0,"dropped":0}},{"id":228137,"url":"http:\/\/bgm.tv\/subject\/228137","type":0,"name":"\u517d\u738b\u4e89\u950b\u4e4b\u539f\u77f3\u4e4b\u529b","name_cn":"\u517d\u738b\u4e89\u950b\u4e4b\u539f\u77f3\u4e4b\u529b","summary":"","eps":0,"air_date":"2017-10-19","air_weekday":4,"rating":{"total":0,"count":{"10":0,"9":0,"8":0,"7":0,"6":0,"5":0,"4":0,"3":0,"2":0,"1":0},"score":0},"rank":0,"images":{"large":"http:\/\/lain.bgm.tv\/pic\/cover\/l\/fc\/5d\/228137_5iIXS.jpg","common":"http:\/\/lain.bgm.tv\/pic\/cover\/c\/fc\/5d\/228137_5iIXS.jpg","medium":"http:\/\/lain.bgm.tv\/pic\/cover\/m\/fc\/5d\/228137_5iIXS.jpg","small":"http:\/\/lain.bgm.tv\/pic\/cover\/s\/fc\/5d\/228137_5iIXS.jpg","grid":"http:\/\/lain.bgm.tv\/pic\/cover\/g\/fc\/5d\/228137_5iIXS.jpg"},"collection":{"wish":0,"collect":0,"doing":0,"on_hold":0,"dropped":0}},{"id":228662,"url":"http:\/\/bgm.tv\/subject\/228662","type":0,"name":"\u8d85\u53d8\u6b66\u517d","name_cn":"\u8d85\u53d8\u6b66\u517d","summary":"","eps":0,"air_date":"2017-10-26","air_weekday":4,"rating":{"total":0,"count":{"10":0,"9":0,"8":0,"7":0,"6":0,"5":0,"4":0,"3":0,"2":0,"1":0},"score":0},"rank":0,"images":{"large":"http:\/\/lain.bgm.tv\/pic\/cover\/l\/2b\/5f\/228662_1BMux.jpg","common":"http:\/\/lain.bgm.tv\/pic\/cover\/c\/2b\/5f\/228662_1BMux.jpg","medium":"http:\/\/lain.bgm.tv\/pic\/cover\/m\/2b\/5f\/228662_1BMux.jpg","small":"http:\/\/lain.bgm.tv\/pic\/cover\/s\/2b\/5f\/228662_1BMux.jpg","grid":"http:\/\/lain.bgm.tv\/pic\/cover\/g\/2b\/5f\/228662_1BMux.jpg"},"collection":{"wish":0,"collect":0,"doing":0,"on_hold":0,"dropped":0}},{"id":230190,"url":"http:\/\/bgm.tv\/subject\/230190","type":0,"name":"Miraculous Ladybug Season2","name_cn":"\u74e2\u866b\u5c11\u5973","summary":"","eps":0,"air_date":"2017-10-26","air_weekday":4,"rating":{"total":0,"count":{"10":0,"9":0,"8":0,"7":0,"6":0,"5":0,"4":0,"3":0,"2":0,"1":0},"score":0},"rank":0,"images":{"large":"http:\/\/lain.bgm.tv\/pic\/cover\/l\/a5\/ed\/230190_bYrFY.jpg","common":"http:\/\/lain.bgm.tv\/pic\/cover\/c\/a5\/ed\/230190_bYrFY.jpg","medium":"http:\/\/lain.bgm.tv\/pic\/cover\/m\/a5\/ed\/230190_bYrFY.jpg","small":"http:\/\/lain.bgm.tv\/pic\/cover\/s\/a5\/ed\/230190_bYrFY.jpg","grid":"http:\/\/lain.bgm.tv\/pic\/cover\/g\/a5\/ed\/230190_bYrFY.jpg"},"collection":{"wish":0,"collect":0,"doing":3,"on_hold":0,"dropped":0}}]},{"weekday":{"en":"Fri","cn":"\u661f\u671f\u4e94","ja":"\u91d1\u8000\u65e5","id":5},"items":[{"id":83124,"url":"http:\/\/bgm.tv\/subject\/83124","type":0,"name":"\u5996\u602a\u30a6\u30a9\u30c3\u30c1","name_cn":"\u5996\u602a\u624b\u8868","summary":"","eps":0,"air_date":"2014-01-08","air_weekday":5,"rating":{"total":116,"count":{"10":6,"9":10,"8":36,"7":40,"6":14,"5":9,"4":0,"3":1,"2":0,"1":0},"score":7.3},"rank":1199,"images":{"large":"http:\/\/lain.bgm.tv\/pic\/cover\/l\/da\/bf\/83124_t8vg0.jpg","common":"http:\/\/lain.bgm.tv\/pic\/cover\/c\/da\/bf\/83124_t8vg0.jpg","medium":"http:\/\/lain.bgm.tv\/pic\/cover\/m\/da\/bf\/83124_t8vg0.jpg","small":"http:\/\/lain.bgm.tv\/pic\/cover\/s\/da\/bf\/83124_t8vg0.jpg","grid":"http:\/\/lain.bgm.tv\/pic\/cover\/g\/da\/bf\/83124_t8vg0.jpg"},"collection":{"wish":0,"collect":0,"doing":114,"on_hold":0,"dropped":0}},{"id":131901,"url":"http:\/\/bgm.tv\/subject\/131901","type":0,"name":"Dies irae","name_cn":"\u795e\u6012\u4e4b\u65e5","summary":"","eps":0,"air_date":"2017-10-06","air_weekday":5,"rating":{"total":71,"count":{"10":3,"9":0,"8":0,"7":11,"6":21,"5":12,"4":10,"3":5,"2":5,"1":4},"score":5.1},"rank":4118,"images":{"large":"http:\/\/lain.bgm.tv\/pic\/cover\/l\/03\/89\/131901_TfJJB.jpg","common":"http:\/\/lain.bgm.tv\/pic\/cover\/c\/03\/89\/131901_TfJJB.jpg","medium":"http:\/\/lain.bgm.tv\/pic\/cover\/m\/03\/89\/131901_TfJJB.jpg","small":"http:\/\/lain.bgm.tv\/pic\/cover\/s\/03\/89\/131901_TfJJB.jpg","grid":"http:\/\/lain.bgm.tv\/pic\/cover\/g\/03\/89\/131901_TfJJB.jpg"},"collection":{"wish":0,"collect":0,"doing":205,"on_hold":0,"dropped":0}},{"id":195937,"url":"http:\/\/bgm.tv\/subject\/195937","type":0,"name":"\u7d50\u57ce\u53cb\u5948\u306f\u52c7\u8005\u3067\u3042\u308b -\u9df2\u5c3e\u9808\u7f8e\u306e\u7ae0-\/-\u52c7\u8005\u306e\u7ae0-","name_cn":"\u7ed3\u57ce\u53cb\u5948\u662f\u52c7\u8005 \u9e6b\u5c3e\u987b\u7f8e\u4e4b\u7ae0&amp;\u52c7\u8005\u4e4b\u7ae0","summary":"","eps":0,"air_date":"2017-10-06","air_weekday":5,"rating":{"total":109,"count":{"10":6,"9":5,"8":27,"7":46,"6":19,"5":5,"4":0,"3":0,"2":0,"1":1},"score":7.2},"rank":1412,"images":{"large":"http:\/\/lain.bgm.tv\/pic\/cover\/l\/80\/f2\/195937_745wm.jpg","common":"http:\/\/lain.bgm.tv\/pic\/cover\/c\/80\/f2\/195937_745wm.jpg","medium":"http:\/\/lain.bgm.tv\/pic\/cover\/m\/80\/f2\/195937_745wm.jpg","small":"http:\/\/lain.bgm.tv\/pic\/cover\/s\/80\/f2\/195937_745wm.jpg","grid":"http:\/\/lain.bgm.tv\/pic\/cover\/g\/80\/f2\/195937_745wm.jpg"},"collection":{"wish":0,"collect":0,"doing":480,"on_hold":0,"dropped":0}},{"id":198707,"url":"http:\/\/bgm.tv\/subject\/198707","type":0,"name":"\u5927\u6b63\u3061\u3063\u3061\u3083\u3044\u3055\u3093","name_cn":"\u5927\u6b63\u5c0f\u5c0f\u5148\u751f","summary":"","eps":0,"air_date":"2017-10-06","air_weekday":5,"rating":{"total":8,"count":{"10":0,"9":0,"8":1,"7":1,"6":1,"5":1,"4":0,"3":2,"2":0,"1":2},"score":4.3},"rank":0,"images":{"large":"http:\/\/lain.bgm.tv\/pic\/cover\/l\/02\/27\/198707_jS0ex.jpg","common":"http:\/\/lain.bgm.tv\/pic\/cover\/c\/02\/27\/198707_jS0ex.jpg","medium":"http:\/\/lain.bgm.tv\/pic\/cover\/m\/02\/27\/198707_jS0ex.jpg","small":"http:\/\/lain.bgm.tv\/pic\/cover\/s\/02\/27\/198707_jS0ex.jpg","grid":"http:\/\/lain.bgm.tv\/pic\/cover\/g\/02\/27\/198707_jS0ex.jpg"},"collection":{"wish":0,"collect":0,"doing":34,"on_hold":0,"dropped":0}},{"id":206925,"url":"http:\/\/bgm.tv\/subject\/206925","type":0,"name":"\u4e00\u4eba\u4e4b\u4e0b the outcast 2","name_cn":"\u4e00\u4eba\u4e4b\u4e0b \u7b2c\u4e8c\u5b63","summary":"","eps":0,"air_date":"2017-10-27","air_weekday":5,"rating":{"total":33,"count":{"10":4,"9":1,"8":12,"7":11,"6":4,"5":0,"4":0,"3":0,"2":0,"1":1},"score":7.5},"rank":0,"images":{"large":"http:\/\/lain.bgm.tv\/pic\/cover\/l\/71\/aa\/206925_NpRkA.jpg","common":"http:\/\/lain.bgm.tv\/pic\/cover\/c\/71\/aa\/206925_NpRkA.jpg","medium":"http:\/\/lain.bgm.tv\/pic\/cover\/m\/71\/aa\/206925_NpRkA.jpg","small":"http:\/\/lain.bgm.tv\/pic\/cover\/s\/71\/aa\/206925_NpRkA.jpg","grid":"http:\/\/lain.bgm.tv\/pic\/cover\/g\/71\/aa\/206925_NpRkA.jpg"},"collection":{"wish":0,"collect":0,"doing":71,"on_hold":0,"dropped":0}},{"id":208773,"url":"http:\/\/bgm.tv\/subject\/208773","type":0,"name":"ROBOMASTERS THE ANIMATED SERIES","name_cn":"\u673a\u7532\u5927\u5e08","summary":"","eps":0,"air_date":"2017-10-13","air_weekday":5,"rating":{"total":34,"count":{"10":0,"9":0,"8":0,"7":13,"6":17,"5":3,"4":1,"3":0,"2":0,"1":0},"score":6.2},"rank":0,"images":{"large":"http:\/\/lain.bgm.tv\/pic\/cover\/l\/b5\/82\/208773_6kGK1.jpg","common":"http:\/\/lain.bgm.tv\/pic\/cover\/c\/b5\/82\/208773_6kGK1.jpg","medium":"http:\/\/lain.bgm.tv\/pic\/cover\/m\/b5\/82\/208773_6kGK1.jpg","small":"http:\/\/lain.bgm.tv\/pic\/cover\/s\/b5\/82\/208773_6kGK1.jpg","grid":"http:\/\/lain.bgm.tv\/pic\/cover\/g\/b5\/82\/208773_6kGK1.jpg"},"collection":{"wish":0,"collect":0,"doing":47,"on_hold":0,"dropped":0}},{"id":211068,"url":"http:\/\/bgm.tv\/subject\/211068","type":0,"name":"\u30ad\u30ce\u306e\u65c5 -the Beautiful World- the Animated Series","name_cn":"\u5947\u8bfa\u4e4b\u65c5","summary":"","eps":0,"air_date":"2017-10-06","air_weekday":5,"rating":{"total":232,"count":{"10":6,"9":11,"8":111,"7":72,"6":20,"5":4,"4":3,"3":1,"2":2,"1":2},"score":7.4},"rank":1048,"images":{"large":"http:\/\/lain.bgm.tv\/pic\/cover\/l\/47\/df\/211068_49qlq.jpg","common":"http:\/\/lain.bgm.tv\/pic\/cover\/c\/47\/df\/211068_49qlq.jpg","medium":"http:\/\/lain.bgm.tv\/pic\/cover\/m\/47\/df\/211068_49qlq.jpg","small":"http:\/\/lain.bgm.tv\/pic\/cover\/s\/47\/df\/211068_49qlq.jpg","grid":"http:\/\/lain.bgm.tv\/pic\/cover\/g\/47\/df\/211068_49qlq.jpg"},"collection":{"wish":0,"collect":0,"doing":825,"on_hold":0,"dropped":0}},{"id":218383,"url":"http:\/\/bgm.tv\/subject\/218383","type":0,"name":"\u30e9\u30d6\u7c73 -WE LOVE RICE- \u4e8c\u671f\u4f5c","name_cn":"\u7231\u7c73 -WE LOVE RICE- \u7b2c\u4e8c\u5b63","summary":"","eps":0,"air_date":"2017-10-06","air_weekday":5,"rating":{"total":2,"count":{"10":0,"9":0,"8":0,"7":0,"6":0,"5":0,"4":1,"3":1,"2":0,"1":0},"score":3.5},"rank":0,"images":{"large":"http:\/\/lain.bgm.tv\/pic\/cover\/l\/31\/2e\/218383_MkKBR.jpg","common":"http:\/\/lain.bgm.tv\/pic\/cover\/c\/31\/2e\/218383_MkKBR.jpg","medium":"http:\/\/lain.bgm.tv\/pic\/cover\/m\/31\/2e\/218383_MkKBR.jpg","small":"http:\/\/lain.bgm.tv\/pic\/cover\/s\/31\/2e\/218383_MkKBR.jpg","grid":"http:\/\/lain.bgm.tv\/pic\/cover\/g\/31\/2e\/218383_MkKBR.jpg"},"collection":{"wish":0,"collect":0,"doing":9,"on_hold":0,"dropped":0}},{"id":218707,"url":"http:\/\/bgm.tv\/subject\/218707","type":0,"name":"\u5c11\u5973\u7d42\u672b\u65c5\u884c","name_cn":"\u5c11\u5973\u7ec8\u672b\u65c5\u884c","summary":"","eps":0,"air_date":"2017-10-06","air_weekday":5,"rating":{"total":787,"count":{"10":47,"9":147,"8":344,"7":181,"6":54,"5":9,"4":4,"3":1,"2":0,"1":0},"score":7.9},"rank":323,"images":{"large":"http:\/\/lain.bgm.tv\/pic\/cover\/l\/c5\/8b\/218707_DBmO2.jpg","common":"http:\/\/lain.bgm.tv\/pic\/cover\/c\/c5\/8b\/218707_DBmO2.jpg","medium":"http:\/\/lain.bgm.tv\/pic\/cover\/m\/c5\/8b\/218707_DBmO2.jpg","small":"http:\/\/lain.bgm.tv\/pic\/cover\/s\/c5\/8b\/218707_DBmO2.jpg","grid":"http:\/\/lain.bgm.tv\/pic\/cover\/g\/c5\/8b\/218707_DBmO2.jpg"},"collection":{"wish":0,"collect":0,"doing":2105,"on_hold":0,"dropped":0}},{"id":220883,"url":"http:\/\/bgm.tv\/subject\/220883","type":0,"name":"\u304a\u306b\u3083\u3093\u3053\u30dd\u30f3","name_cn":"","summary":"","eps":0,"air_date":"2017-10-06","air_weekday":5,"rating":{"total":2,"count":{"10":0,"9":0,"8":0,"7":1,"6":1,"5":0,"4":0,"3":0,"2":0,"1":0},"score":6.5},"rank":0,"images":{"large":"http:\/\/lain.bgm.tv\/pic\/cover\/l\/12\/4b\/220883_6nK13.jpg","common":"http:\/\/lain.bgm.tv\/pic\/cover\/c\/12\/4b\/220883_6nK13.jpg","medium":"http:\/\/lain.bgm.tv\/pic\/cover\/m\/12\/4b\/220883_6nK13.jpg","small":"http:\/\/lain.bgm.tv\/pic\/cover\/s\/12\/4b\/220883_6nK13.jpg","grid":"http:\/\/lain.bgm.tv\/pic\/cover\/g\/12\/4b\/220883_6nK13.jpg"},"collection":{"wish":0,"collect":0,"doing":9,"on_hold":0,"dropped":0}},{"id":222425,"url":"http:\/\/bgm.tv\/subject\/222425","type":0,"name":"\u7259\u72fc\u3008GARO\u3009-VANISHING LINE-","name_cn":"\u7259\u72fc VANISHING LINE","summary":"","eps":0,"air_date":"2017-10-06","air_weekday":5,"rating":{"total":85,"count":{"10":2,"9":0,"8":37,"7":35,"6":6,"5":3,"4":0,"3":0,"2":0,"1":2},"score":7.2},"rank":1361,"images":{"large":"http:\/\/lain.bgm.tv\/pic\/cover\/l\/5d\/70\/222425_JMn2k.jpg","common":"http:\/\/lain.bgm.tv\/pic\/cover\/c\/5d\/70\/222425_JMn2k.jpg","medium":"http:\/\/lain.bgm.tv\/pic\/cover\/m\/5d\/70\/222425_JMn2k.jpg","small":"http:\/\/lain.bgm.tv\/pic\/cover\/s\/5d\/70\/222425_JMn2k.jpg","grid":"http:\/\/lain.bgm.tv\/pic\/cover\/g\/5d\/70\/222425_JMn2k.jpg"},"collection":{"wish":0,"collect":0,"doing":285,"on_hold":0,"dropped":0}},{"id":223134,"url":"http:\/\/bgm.tv\/subject\/223134","type":0,"name":"\u30d5\u30a1\u30a4\u30a2\u30dc\u30fc\u30eb \u30e6\u30fc\u30e2\u30e9\u30b9","name_cn":"\u706b\u7403 \u5e7d\u9ed8\u4e4b\u7ae0","summary":"","eps":0,"air_date":"2017-10-06","air_weekday":5,"rating":{"total":11,"count":{"10":2,"9":0,"8":4,"7":4,"6":0,"5":1,"4":0,"3":0,"2":0,"1":0},"score":7.7},"rank":0,"images":{"large":"http:\/\/lain.bgm.tv\/pic\/cover\/l\/f2\/08\/223134_rnRlU.jpg","common":"http:\/\/lain.bgm.tv\/pic\/cover\/c\/f2\/08\/223134_rnRlU.jpg","medium":"http:\/\/lain.bgm.tv\/pic\/cover\/m\/f2\/08\/223134_rnRlU.jpg","small":"http:\/\/lain.bgm.tv\/pic\/cover\/s\/f2\/08\/223134_rnRlU.jpg","grid":"http:\/\/lain.bgm.tv\/pic\/cover\/g\/f2\/08\/223134_rnRlU.jpg"},"collection":{"wish":0,"collect":0,"doing":51,"on_hold":0,"dropped":0}},{"id":227245,"url":"http:\/\/bgm.tv\/subject\/227245","type":0,"name":"\u5c11\u5973\u9031\u672b\u6388\u696d","name_cn":"\u5c11\u5973\u5468\u672b\u6388\u8bfe","summary":"","eps":0,"air_date":"2017-10-06","air_weekday":5,"rating":{"total":46,"count":{"10":1,"9":0,"8":3,"7":16,"6":19,"5":6,"4":1,"3":0,"2":0,"1":0},"score":6.4},"rank":0,"images":{"large":"http:\/\/lain.bgm.tv\/pic\/cover\/l\/e6\/56\/227245_8gLf1.jpg","common":"http:\/\/lain.bgm.tv\/pic\/cover\/c\/e6\/56\/227245_8gLf1.jpg","medium":"http:\/\/lain.bgm.tv\/pic\/cover\/m\/e6\/56\/227245_8gLf1.jpg","small":"http:\/\/lain.bgm.tv\/pic\/cover\/s\/e6\/56\/227245_8gLf1.jpg","grid":"http:\/\/lain.bgm.tv\/pic\/cover\/g\/e6\/56\/227245_8gLf1.jpg"},"collection":{"wish":0,"collect":0,"doing":192,"on_hold":0,"dropped":0}},{"id":228285,"url":"http:\/\/bgm.tv\/subject\/228285","type":0,"name":"Voltron: Legendary Defender Season 4","name_cn":"\u6218\u795e\u91d1\u521a\uff1a\u4f20\u5947\u7684\u4fdd\u62a4\u795e \u7b2c\u56db\u5b63","summary":"","eps":0,"air_date":"2017-10-13","air_weekday":5,"rating":{"total":3,"count":{"10":0,"9":0,"8":0,"7":3,"6":0,"5":0,"4":0,"3":0,"2":0,"1":0},"score":7},"rank":0,"images":{"large":"http:\/\/lain.bgm.tv\/pic\/cover\/l\/d6\/41\/228285_uuoKk.jpg","common":"http:\/\/lain.bgm.tv\/pic\/cover\/c\/d6\/41\/228285_uuoKk.jpg","medium":"http:\/\/lain.bgm.tv\/pic\/cover\/m\/d6\/41\/228285_uuoKk.jpg","small":"http:\/\/lain.bgm.tv\/pic\/cover\/s\/d6\/41\/228285_uuoKk.jpg","grid":"http:\/\/lain.bgm.tv\/pic\/cover\/g\/d6\/41\/228285_uuoKk.jpg"},"collection":{"wish":0,"collect":0,"doing":1,"on_hold":0,"dropped":0}}]},{"weekday":{"en":"Sat","cn":"\u661f\u671f\u516d","ja":"\u571f\u8000\u65e5","id":6},"items":[{"id":899,"url":"http:\/\/bgm.tv\/subject\/899","type":0,"name":"\u540d\u63a2\u5075\u30b3\u30ca\u30f3","name_cn":"\u540d\u4fa6\u63a2\u67ef\u5357","summary":"","eps":0,"air_date":"1996-01-08","air_weekday":6,"rating":{"total":2807,"count":{"10":293,"9":311,"8":829,"7":896,"6":364,"5":87,"4":16,"3":3,"2":2,"1":6},"score":7.6},"rank":599,"images":{"large":"http:\/\/lain.bgm.tv\/pic\/cover\/l\/01\/88\/899_Q3F3X.jpg","common":"http:\/\/lain.bgm.tv\/pic\/cover\/c\/01\/88\/899_Q3F3X.jpg","medium":"http:\/\/lain.bgm.tv\/pic\/cover\/m\/01\/88\/899_Q3F3X.jpg","small":"http:\/\/lain.bgm.tv\/pic\/cover\/s\/01\/88\/899_Q3F3X.jpg","grid":"http:\/\/lain.bgm.tv\/pic\/cover\/g\/01\/88\/899_Q3F3X.jpg"},"collection":{"wish":0,"collect":0,"doing":1672,"on_hold":0,"dropped":0}},{"id":144043,"url":"http:\/\/bgm.tv\/subject\/144043","type":0,"name":"Code:Realize \u301c\u5275\u4e16\u306e\u59eb\u541b\u301c","name_cn":"Code:Realize \uff5e\u521b\u4e16\u7684\u59ec\u541b\uff5e","summary":"","eps":0,"air_date":"2017-10-07","air_weekday":6,"rating":{"total":57,"count":{"10":0,"9":1,"8":2,"7":13,"6":24,"5":11,"4":5,"3":0,"2":0,"1":1},"score":5.9},"rank":3233,"images":{"large":"http:\/\/lain.bgm.tv\/pic\/cover\/l\/97\/51\/144043_fFhxX.jpg","common":"http:\/\/lain.bgm.tv\/pic\/cover\/c\/97\/51\/144043_fFhxX.jpg","medium":"http:\/\/lain.bgm.tv\/pic\/cover\/m\/97\/51\/144043_fFhxX.jpg","small":"http:\/\/lain.bgm.tv\/pic\/cover\/s\/97\/51\/144043_fFhxX.jpg","grid":"http:\/\/lain.bgm.tv\/pic\/cover\/g\/97\/51\/144043_fFhxX.jpg"},"collection":{"wish":0,"collect":0,"doing":167,"on_hold":0,"dropped":0}},{"id":199392,"url":"http:\/\/bgm.tv\/subject\/199392","type":0,"name":"\u8840\u754c\u6226\u7dda &amp; BEYOND","name_cn":"\u8840\u754c\u6218\u7ebf &amp; BEYOND","summary":"","eps":0,"air_date":"2017-10-07","air_weekday":6,"rating":{"total":342,"count":{"10":13,"9":27,"8":181,"7":85,"6":23,"5":8,"4":1,"3":0,"2":0,"1":4},"score":7.6},"rank":653,"images":{"large":"http:\/\/lain.bgm.tv\/pic\/cover\/l\/98\/77\/199392_j2kAA.jpg","common":"http:\/\/lain.bgm.tv\/pic\/cover\/c\/98\/77\/199392_j2kAA.jpg","medium":"http:\/\/lain.bgm.tv\/pic\/cover\/m\/98\/77\/199392_j2kAA.jpg","small":"http:\/\/lain.bgm.tv\/pic\/cover\/s\/98\/77\/199392_j2kAA.jpg","grid":"http:\/\/lain.bgm.tv\/pic\/cover\/g\/98\/77\/199392_j2kAA.jpg"},"collection":{"wish":0,"collect":0,"doing":1167,"on_hold":0,"dropped":0}},{"id":204145,"url":"http:\/\/bgm.tv\/subject\/204145","type":0,"name":"\u30d6\u30ec\u30f3\u30c9\u30fbS","name_cn":"\u8c03\u6559\u5496\u5561\u5385","summary":"","eps":0,"air_date":"2017-10-07","air_weekday":6,"rating":{"total":417,"count":{"10":7,"9":8,"8":66,"7":211,"6":96,"5":20,"4":3,"3":3,"2":0,"1":3},"score":6.8},"rank":2261,"images":{"large":"http:\/\/lain.bgm.tv\/pic\/cover\/l\/f4\/fe\/204145_mbsLs.jpg","common":"http:\/\/lain.bgm.tv\/pic\/cover\/c\/f4\/fe\/204145_mbsLs.jpg","medium":"http:\/\/lain.bgm.tv\/pic\/cover\/m\/f4\/fe\/204145_mbsLs.jpg","small":"http:\/\/lain.bgm.tv\/pic\/cover\/s\/f4\/fe\/204145_mbsLs.jpg","grid":"http:\/\/lain.bgm.tv\/pic\/cover\/g\/f4\/fe\/204145_mbsLs.jpg"},"collection":{"wish":0,"collect":0,"doing":1186,"on_hold":0,"dropped":0}},{"id":208930,"url":"http:\/\/bgm.tv\/subject\/208930","type":0,"name":"\u30a2\u30a4\u30c9\u30eb\u30de\u30b9\u30bf\u30fc SideM","name_cn":"\u5076\u50cf\u5927\u5e08 SideM","summary":"","eps":0,"air_date":"2017-10-07","air_weekday":6,"rating":{"total":65,"count":{"10":4,"9":4,"8":20,"7":22,"6":8,"5":3,"4":1,"3":0,"2":0,"1":3},"score":7.1},"rank":1550,"images":{"large":"http:\/\/lain.bgm.tv\/pic\/cover\/l\/bc\/63\/208930_tlTlS.jpg","common":"http:\/\/lain.bgm.tv\/pic\/cover\/c\/bc\/63\/208930_tlTlS.jpg","medium":"http:\/\/lain.bgm.tv\/pic\/cover\/m\/bc\/63\/208930_tlTlS.jpg","small":"http:\/\/lain.bgm.tv\/pic\/cover\/s\/bc\/63\/208930_tlTlS.jpg","grid":"http:\/\/lain.bgm.tv\/pic\/cover\/g\/bc\/63\/208930_tlTlS.jpg"},"collection":{"wish":0,"collect":0,"doing":240,"on_hold":0,"dropped":0}},{"id":210272,"url":"http:\/\/bgm.tv\/subject\/210272","type":0,"name":"\u30e9\u30d6\u30e9\u30a4\u30d6! \u30b5\u30f3\u30b7\u30e3\u30a4\u30f3!! \u7b2c2\u671f","name_cn":"Love Live! Sunshine!! \u7b2c\u4e8c\u5b63","summary":"","eps":0,"air_date":"2017-10-07","air_weekday":6,"rating":{"total":118,"count":{"10":3,"9":2,"8":18,"7":42,"6":25,"5":22,"4":2,"3":0,"2":2,"1":2},"score":6.4},"rank":2836,"images":{"large":"http:\/\/lain.bgm.tv\/pic\/cover\/l\/d1\/71\/210272_JIkpK.jpg","common":"http:\/\/lain.bgm.tv\/pic\/cover\/c\/d1\/71\/210272_JIkpK.jpg","medium":"http:\/\/lain.bgm.tv\/pic\/cover\/m\/d1\/71\/210272_JIkpK.jpg","small":"http:\/\/lain.bgm.tv\/pic\/cover\/s\/d1\/71\/210272_JIkpK.jpg","grid":"http:\/\/lain.bgm.tv\/pic\/cover\/g\/d1\/71\/210272_JIkpK.jpg"},"collection":{"wish":0,"collect":0,"doing":377,"on_hold":0,"dropped":0}},{"id":210864,"url":"http:\/\/bgm.tv\/subject\/210864","type":0,"name":"\u9b54\u6cd5\u4f7f\u3044\u306e\u5ac1","name_cn":"\u9b54\u6cd5\u4f7f\u7684\u65b0\u5a18","summary":"","eps":0,"air_date":"2017-10-07","air_weekday":6,"rating":{"total":294,"count":{"10":14,"9":25,"8":122,"7":92,"6":33,"5":6,"4":1,"3":0,"2":0,"1":1},"score":7.5},"rank":768,"images":{"large":"http:\/\/lain.bgm.tv\/pic\/cover\/l\/7c\/ba\/210864_XHHsK.jpg","common":"http:\/\/lain.bgm.tv\/pic\/cover\/c\/7c\/ba\/210864_XHHsK.jpg","medium":"http:\/\/lain.bgm.tv\/pic\/cover\/m\/7c\/ba\/210864_XHHsK.jpg","small":"http:\/\/lain.bgm.tv\/pic\/cover\/s\/7c\/ba\/210864_XHHsK.jpg","grid":"http:\/\/lain.bgm.tv\/pic\/cover\/g\/7c\/ba\/210864_XHHsK.jpg"},"collection":{"wish":0,"collect":0,"doing":1019,"on_hold":0,"dropped":0}},{"id":211035,"url":"http:\/\/bgm.tv\/subject\/211035","type":0,"name":"\u9b3c\u706f\u306e\u51b7\u5fb9 \u7b2c\u5f10\u671f","name_cn":"\u9b3c\u706f\u7684\u51b7\u5f7b \u7b2c\u4e8c\u5b63","summary":"","eps":0,"air_date":"2017-10-07","air_weekday":6,"rating":{"total":132,"count":{"10":3,"9":7,"8":49,"7":53,"6":14,"5":4,"4":0,"3":0,"2":0,"1":2},"score":7.3},"rank":1259,"images":{"large":"http:\/\/lain.bgm.tv\/pic\/cover\/l\/a2\/2f\/211035_jUSo9.jpg","common":"http:\/\/lain.bgm.tv\/pic\/cover\/c\/a2\/2f\/211035_jUSo9.jpg","medium":"http:\/\/lain.bgm.tv\/pic\/cover\/m\/a2\/2f\/211035_jUSo9.jpg","small":"http:\/\/lain.bgm.tv\/pic\/cover\/s\/a2\/2f\/211035_jUSo9.jpg","grid":"http:\/\/lain.bgm.tv\/pic\/cover\/g\/a2\/2f\/211035_jUSo9.jpg"},"collection":{"wish":0,"collect":0,"doing":552,"on_hold":0,"dropped":0}},{"id":211567,"url":"http:\/\/bgm.tv\/subject\/211567","type":0,"name":"3\u6708\u306e\u30e9\u30a4\u30aa\u30f3 \u7b2c2\u30b7\u30ea\u30fc\u30ba","name_cn":"3\u6708\u7684\u72ee\u5b50 \u7b2c\u4e8c\u5b63","summary":"","eps":0,"air_date":"2017-10-14","air_weekday":6,"rating":{"total":257,"count":{"10":32,"9":57,"8":114,"7":44,"6":7,"5":1,"4":0,"3":0,"2":0,"1":2},"score":8.2},"rank":185,"images":{"large":"http:\/\/lain.bgm.tv\/pic\/cover\/l\/5c\/49\/211567_FOp5p.jpg","common":"http:\/\/lain.bgm.tv\/pic\/cover\/c\/5c\/49\/211567_FOp5p.jpg","medium":"http:\/\/lain.bgm.tv\/pic\/cover\/m\/5c\/49\/211567_FOp5p.jpg","small":"http:\/\/lain.bgm.tv\/pic\/cover\/s\/5c\/49\/211567_FOp5p.jpg","grid":"http:\/\/lain.bgm.tv\/pic\/cover\/g\/5c\/49\/211567_FOp5p.jpg"},"collection":{"wish":0,"collect":0,"doing":822,"on_hold":0,"dropped":0}},{"id":212009,"url":"http:\/\/bgm.tv\/subject\/212009","type":0,"name":"\u30bf\u30a4\u30e0\u30dc\u30ab\u30f3 \u9006\u8972\u306e\u4e09\u60aa\u4eba","name_cn":"\u65f6\u95f4\u98de\u8239 \u9006\u88ad\u7684\u4e09\u6076\u4eba","summary":"","eps":0,"air_date":"2017-10-07","air_weekday":6,"rating":{"total":2,"count":{"10":0,"9":0,"8":0,"7":0,"6":2,"5":0,"4":0,"3":0,"2":0,"1":0},"score":6},"rank":0,"images":{"large":"http:\/\/lain.bgm.tv\/pic\/cover\/l\/d5\/f9\/212009_u6n6u.jpg","common":"http:\/\/lain.bgm.tv\/pic\/cover\/c\/d5\/f9\/212009_u6n6u.jpg","medium":"http:\/\/lain.bgm.tv\/pic\/cover\/m\/d5\/f9\/212009_u6n6u.jpg","small":"http:\/\/lain.bgm.tv\/pic\/cover\/s\/d5\/f9\/212009_u6n6u.jpg","grid":"http:\/\/lain.bgm.tv\/pic\/cover\/g\/d5\/f9\/212009_u6n6u.jpg"},"collection":{"wish":0,"collect":0,"doing":9,"on_hold":0,"dropped":0}},{"id":212315,"url":"http:\/\/bgm.tv\/subject\/212315","type":0,"name":"\u30af\u30e9\u30b7\u30ab\u30ed\u30a4\u30c9 \u7b2c2\u30b7\u30ea\u30fc\u30ba","name_cn":"\u514b\u62c9\u65af\u5361\u52b3\u57c3\u5fb7 \u7b2c\u4e8c\u5b63","summary":"","eps":0,"air_date":"2017-10-07","air_weekday":6,"rating":{"total":7,"count":{"10":0,"9":0,"8":0,"7":3,"6":2,"5":1,"4":0,"3":1,"2":0,"1":0},"score":5.9},"rank":0,"images":{"large":"http:\/\/lain.bgm.tv\/pic\/cover\/l\/f1\/91\/212315_8wigs.jpg","common":"http:\/\/lain.bgm.tv\/pic\/cover\/c\/f1\/91\/212315_8wigs.jpg","medium":"http:\/\/lain.bgm.tv\/pic\/cover\/m\/f1\/91\/212315_8wigs.jpg","small":"http:\/\/lain.bgm.tv\/pic\/cover\/s\/f1\/91\/212315_8wigs.jpg","grid":"http:\/\/lain.bgm.tv\/pic\/cover\/g\/f1\/91\/212315_8wigs.jpg"},"collection":{"wish":0,"collect":0,"doing":52,"on_hold":0,"dropped":0}},{"id":214799,"url":"http:\/\/bgm.tv\/subject\/214799","type":0,"name":"\u5b9d\u77f3\u306e\u56fd","name_cn":"\u5b9d\u77f3\u4e4b\u56fd","summary":"","eps":0,"air_date":"2017-10-07","air_weekday":6,"rating":{"total":652,"count":{"10":28,"9":113,"8":313,"7":153,"6":36,"5":7,"4":0,"3":0,"2":0,"1":2},"score":7.9},"rank":345,"images":{"large":"http:\/\/lain.bgm.tv\/pic\/cover\/l\/2f\/07\/214799_K51M3.jpg","common":"http:\/\/lain.bgm.tv\/pic\/cover\/c\/2f\/07\/214799_K51M3.jpg","medium":"http:\/\/lain.bgm.tv\/pic\/cover\/m\/2f\/07\/214799_K51M3.jpg","small":"http:\/\/lain.bgm.tv\/pic\/cover\/s\/2f\/07\/214799_K51M3.jpg","grid":"http:\/\/lain.bgm.tv\/pic\/cover\/g\/2f\/07\/214799_K51M3.jpg"},"collection":{"wish":0,"collect":0,"doing":1748,"on_hold":0,"dropped":0}},{"id":220848,"url":"http:\/\/bgm.tv\/subject\/220848","type":0,"name":"\u3064\u3046\u304b\u3042","name_cn":"\u4fa7\u8f66\u642d\u6863","summary":"","eps":0,"air_date":"2017-10-07","air_weekday":6,"rating":{"total":79,"count":{"10":2,"9":1,"8":4,"7":16,"6":34,"5":15,"4":3,"3":2,"2":0,"1":2},"score":6},"rank":3393,"images":{"large":"http:\/\/lain.bgm.tv\/pic\/cover\/l\/ed\/d0\/220848_PNs63.jpg","common":"http:\/\/lain.bgm.tv\/pic\/cover\/c\/ed\/d0\/220848_PNs63.jpg","medium":"http:\/\/lain.bgm.tv\/pic\/cover\/m\/ed\/d0\/220848_PNs63.jpg","small":"http:\/\/lain.bgm.tv\/pic\/cover\/s\/ed\/d0\/220848_PNs63.jpg","grid":"http:\/\/lain.bgm.tv\/pic\/cover\/g\/ed\/d0\/220848_PNs63.jpg"},"collection":{"wish":0,"collect":0,"doing":206,"on_hold":0,"dropped":0}},{"id":224720,"url":"http:\/\/bgm.tv\/subject\/224720","type":0,"name":"RWBY Volume 5","name_cn":"\u7ea2\u767d\u9ed1\u9ec4 \u7b2c\u4e94\u5b63","summary":"","eps":0,"air_date":"2017-10-14","air_weekday":6,"rating":{"total":30,"count":{"10":2,"9":0,"8":9,"7":8,"6":5,"5":4,"4":1,"3":0,"2":1,"1":0},"score":6.8},"rank":0,"images":{"large":"http:\/\/lain.bgm.tv\/pic\/cover\/l\/7d\/b3\/224720_SBBgF.jpg","common":"http:\/\/lain.bgm.tv\/pic\/cover\/c\/7d\/b3\/224720_SBBgF.jpg","medium":"http:\/\/lain.bgm.tv\/pic\/cover\/m\/7d\/b3\/224720_SBBgF.jpg","small":"http:\/\/lain.bgm.tv\/pic\/cover\/s\/7d\/b3\/224720_SBBgF.jpg","grid":"http:\/\/lain.bgm.tv\/pic\/cover\/g\/7d\/b3\/224720_SBBgF.jpg"},"collection":{"wish":0,"collect":0,"doing":127,"on_hold":0,"dropped":0}},{"id":224762,"url":"http:\/\/bgm.tv\/subject\/224762","type":0,"name":"Pingu in the City","name_cn":"","summary":"","eps":0,"air_date":"2017-10-07","air_weekday":6,"rating":{"total":3,"count":{"10":1,"9":1,"8":0,"7":0,"6":1,"5":0,"4":0,"3":0,"2":0,"1":0},"score":8.3},"rank":0,"images":{"large":"http:\/\/lain.bgm.tv\/pic\/cover\/l\/ec\/4b\/224762_NPK2F.jpg","common":"http:\/\/lain.bgm.tv\/pic\/cover\/c\/ec\/4b\/224762_NPK2F.jpg","medium":"http:\/\/lain.bgm.tv\/pic\/cover\/m\/ec\/4b\/224762_NPK2F.jpg","small":"http:\/\/lain.bgm.tv\/pic\/cover\/s\/ec\/4b\/224762_NPK2F.jpg","grid":"http:\/\/lain.bgm.tv\/pic\/cover\/g\/ec\/4b\/224762_NPK2F.jpg"},"collection":{"wish":0,"collect":0,"doing":1,"on_hold":0,"dropped":0}},{"id":225156,"url":"http:\/\/bgm.tv\/subject\/225156","type":0,"name":"\u30b7\u30eb\u30d0\u30cb\u30a2\u30d5\u30a1\u30df\u30ea\u30fc\u30df\u30cb\u30b9\u30c8\u30fc\u30ea\u30fc","name_cn":"","summary":"","eps":0,"air_date":"2017-10-07","air_weekday":6,"rating":{"total":0,"count":{"10":0,"9":0,"8":0,"7":0,"6":0,"5":0,"4":0,"3":0,"2":0,"1":0},"score":0},"rank":0,"images":{"large":"http:\/\/lain.bgm.tv\/pic\/cover\/l\/e2\/e6\/225156_FCY8L.jpg","common":"http:\/\/lain.bgm.tv\/pic\/cover\/c\/e2\/e6\/225156_FCY8L.jpg","medium":"http:\/\/lain.bgm.tv\/pic\/cover\/m\/e2\/e6\/225156_FCY8L.jpg","small":"http:\/\/lain.bgm.tv\/pic\/cover\/s\/e2\/e6\/225156_FCY8L.jpg","grid":"http:\/\/lain.bgm.tv\/pic\/cover\/g\/e2\/e6\/225156_FCY8L.jpg"},"collection":{"wish":0,"collect":0,"doing":5,"on_hold":0,"dropped":0}},{"id":227164,"url":"http:\/\/bgm.tv\/subject\/227164","type":0,"name":"\u30e2\u30f3\u30b9\u30bf\u30fc\u30b9\u30c8\u30e9\u30a4\u30af \u30bb\u30ab\u30f3\u30c9\u30b7\u30fc\u30ba\u30f3 \u6d88\u3048\u3086\u304f\u5b87\u5b99\u7de8","name_cn":"\u602a\u7269\u5f39\u73e0 \u7b2c\u4e8c\u5b63 \u6d88\u5931\u7684\u5b87\u5b99\u7bc7","summary":"","eps":0,"air_date":"2017-10-07","air_weekday":6,"rating":{"total":1,"count":{"10":0,"9":0,"8":0,"7":0,"6":1,"5":0,"4":0,"3":0,"2":0,"1":0},"score":6},"rank":0,"images":{"large":"http:\/\/lain.bgm.tv\/pic\/cover\/l\/e0\/2b\/227164_q3q3m.jpg","common":"http:\/\/lain.bgm.tv\/pic\/cover\/c\/e0\/2b\/227164_q3q3m.jpg","medium":"http:\/\/lain.bgm.tv\/pic\/cover\/m\/e0\/2b\/227164_q3q3m.jpg","small":"http:\/\/lain.bgm.tv\/pic\/cover\/s\/e0\/2b\/227164_q3q3m.jpg","grid":"http:\/\/lain.bgm.tv\/pic\/cover\/g\/e0\/2b\/227164_q3q3m.jpg"},"collection":{"wish":0,"collect":0,"doing":6,"on_hold":0,"dropped":0}},{"id":227462,"url":"http:\/\/bgm.tv\/subject\/227462","type":0,"name":"Glamorous Heroes","name_cn":"\u9b45\u529b\u82f1\u96c4","summary":"","eps":0,"air_date":"2017-10-06","air_weekday":6,"rating":{"total":9,"count":{"10":0,"9":0,"8":0,"7":0,"6":0,"5":0,"4":0,"3":0,"2":0,"1":9},"score":1},"rank":0,"images":{"large":"http:\/\/lain.bgm.tv\/pic\/cover\/l\/ba\/3d\/227462_0PPIw.jpg","common":"http:\/\/lain.bgm.tv\/pic\/cover\/c\/ba\/3d\/227462_0PPIw.jpg","medium":"http:\/\/lain.bgm.tv\/pic\/cover\/m\/ba\/3d\/227462_0PPIw.jpg","small":"http:\/\/lain.bgm.tv\/pic\/cover\/s\/ba\/3d\/227462_0PPIw.jpg","grid":"http:\/\/lain.bgm.tv\/pic\/cover\/g\/ba\/3d\/227462_0PPIw.jpg"},"collection":{"wish":0,"collect":0,"doing":1,"on_hold":0,"dropped":0}}]},{"weekday":{"en":"Sun","cn":"\u661f\u671f\u65e5","ja":"\u65e5\u8000\u65e5","id":7},"items":[{"id":975,"url":"http:\/\/bgm.tv\/subject\/975","type":0,"name":"ONE PIECE","name_cn":"\u6d77\u8d3c\u738b","summary":"","eps":0,"air_date":"1999-10-20","air_weekday":7,"rating":{"total":4615,"count":{"10":1747,"9":998,"8":927,"7":520,"6":213,"5":99,"4":29,"3":8,"2":18,"1":56},"score":8.6},"rank":22,"images":{"large":"http:\/\/lain.bgm.tv\/pic\/cover\/l\/92\/97\/975_GFGYI.jpg","common":"http:\/\/lain.bgm.tv\/pic\/cover\/c\/92\/97\/975_GFGYI.jpg","medium":"http:\/\/lain.bgm.tv\/pic\/cover\/m\/92\/97\/975_GFGYI.jpg","small":"http:\/\/lain.bgm.tv\/pic\/cover\/s\/92\/97\/975_GFGYI.jpg","grid":"http:\/\/lain.bgm.tv\/pic\/cover\/g\/92\/97\/975_GFGYI.jpg"},"collection":{"wish":0,"collect":0,"doing":3659,"on_hold":0,"dropped":0}},{"id":132220,"url":"http:\/\/bgm.tv\/subject\/132220","type":0,"name":"\u30c9\u30e9\u30b4\u30f3\u30dc\u30fc\u30eb\u8d85","name_cn":"\u9f99\u73e0 \u8d85","summary":"","eps":0,"air_date":"2015-07-05","air_weekday":7,"rating":{"total":262,"count":{"10":16,"9":16,"8":41,"7":64,"6":70,"5":24,"4":18,"3":6,"2":3,"1":4},"score":6.6},"rank":2857,"images":{"large":"http:\/\/lain.bgm.tv\/pic\/cover\/l\/0d\/a2\/132220_E3vck.jpg","common":"http:\/\/lain.bgm.tv\/pic\/cover\/c\/0d\/a2\/132220_E3vck.jpg","medium":"http:\/\/lain.bgm.tv\/pic\/cover\/m\/0d\/a2\/132220_E3vck.jpg","small":"http:\/\/lain.bgm.tv\/pic\/cover\/s\/0d\/a2\/132220_E3vck.jpg","grid":"http:\/\/lain.bgm.tv\/pic\/cover\/g\/0d\/a2\/132220_E3vck.jpg"},"collection":{"wish":0,"collect":0,"doing":361,"on_hold":0,"dropped":0}},{"id":185792,"url":"http:\/\/bgm.tv\/subject\/185792","type":0,"name":"\u30ea\u30c8\u30eb\u30a6\u30a3\u30c3\u30c1\u30a2\u30ab\u30c7\u30df\u30a2","name_cn":"\u5c0f\u9b54\u5973\u5b66\u56ed","summary":"","eps":0,"air_date":"2017-01-08","air_weekday":7,"rating":{"total":2187,"count":{"10":116,"9":322,"8":867,"7":579,"6":195,"5":67,"4":21,"3":6,"2":6,"1":8},"score":7.6},"rank":549,"images":{"large":"http:\/\/lain.bgm.tv\/pic\/cover\/l\/c5\/09\/185792_YmcaM.jpg","common":"http:\/\/lain.bgm.tv\/pic\/cover\/c\/c5\/09\/185792_YmcaM.jpg","medium":"http:\/\/lain.bgm.tv\/pic\/cover\/m\/c5\/09\/185792_YmcaM.jpg","small":"http:\/\/lain.bgm.tv\/pic\/cover\/s\/c5\/09\/185792_YmcaM.jpg","grid":"http:\/\/lain.bgm.tv\/pic\/cover\/g\/c5\/09\/185792_YmcaM.jpg"},"collection":{"wish":0,"collect":0,"doing":829,"on_hold":0,"dropped":0}},{"id":196053,"url":"http:\/\/bgm.tv\/subject\/196053","type":0,"name":"\u30ad\u30e9\u30ad\u30e9\u2606\u30d7\u30ea\u30ad\u30e5\u30a2\u30a2\u30e9\u30e2\u30fc\u30c9","name_cn":"KiraKira\u2606\u5149\u4e4b\u7f8e\u5c11\u5973 A La Mode","summary":"","eps":0,"air_date":"2017-02-05","air_weekday":7,"rating":{"total":41,"count":{"10":1,"9":0,"8":8,"7":15,"6":15,"5":0,"4":2,"3":0,"2":0,"1":0},"score":6.8},"rank":0,"images":{"large":"http:\/\/lain.bgm.tv\/pic\/cover\/l\/b5\/25\/196053_0q7AB.jpg","common":"http:\/\/lain.bgm.tv\/pic\/cover\/c\/b5\/25\/196053_0q7AB.jpg","medium":"http:\/\/lain.bgm.tv\/pic\/cover\/m\/b5\/25\/196053_0q7AB.jpg","small":"http:\/\/lain.bgm.tv\/pic\/cover\/s\/b5\/25\/196053_0q7AB.jpg","grid":"http:\/\/lain.bgm.tv\/pic\/cover\/g\/b5\/25\/196053_0q7AB.jpg"},"collection":{"wish":0,"collect":0,"doing":122,"on_hold":0,"dropped":0}},{"id":205113,"url":"http:\/\/bgm.tv\/subject\/205113","type":0,"name":"\u30af\u30b8\u30e9\u306e\u5b50\u3089\u306f\u7802\u4e0a\u306b\u6b4c\u3046","name_cn":"\u6ce5\u9cb8\u4e4b\u5b50\u4eec\u5728\u6c99\u5730\u4e0a\u6b4c\u5531","summary":"","eps":0,"air_date":"2017-10-08","air_weekday":7,"rating":{"total":267,"count":{"10":2,"9":13,"8":59,"7":73,"6":64,"5":25,"4":23,"3":3,"2":0,"1":5},"score":6.5},"rank":2984,"images":{"large":"http:\/\/lain.bgm.tv\/pic\/cover\/l\/54\/f1\/205113_85al9.jpg","common":"http:\/\/lain.bgm.tv\/pic\/cover\/c\/54\/f1\/205113_85al9.jpg","medium":"http:\/\/lain.bgm.tv\/pic\/cover\/m\/54\/f1\/205113_85al9.jpg","small":"http:\/\/lain.bgm.tv\/pic\/cover\/s\/54\/f1\/205113_85al9.jpg","grid":"http:\/\/lain.bgm.tv\/pic\/cover\/g\/54\/f1\/205113_85al9.jpg"},"collection":{"wish":0,"collect":0,"doing":751,"on_hold":0,"dropped":0}},{"id":207866,"url":"http:\/\/bgm.tv\/subject\/207866","type":0,"name":"\u51f9\u51f8\u4e16\u754c \u7b2c\u4e8c\u5b63","name_cn":"\u51f9\u51f8\u4e16\u754c \u7b2c\u4e8c\u5b63","summary":"","eps":0,"air_date":"2017-10-08","air_weekday":7,"rating":{"total":9,"count":{"10":1,"9":1,"8":3,"7":3,"6":1,"5":0,"4":0,"3":0,"2":0,"1":0},"score":7.8},"rank":0,"images":{"large":"http:\/\/lain.bgm.tv\/pic\/cover\/l\/dd\/13\/207866_43Pkq.jpg","common":"http:\/\/lain.bgm.tv\/pic\/cover\/c\/dd\/13\/207866_43Pkq.jpg","medium":"http:\/\/lain.bgm.tv\/pic\/cover\/m\/dd\/13\/207866_43Pkq.jpg","small":"http:\/\/lain.bgm.tv\/pic\/cover\/s\/dd\/13\/207866_43Pkq.jpg","grid":"http:\/\/lain.bgm.tv\/pic\/cover\/g\/dd\/13\/207866_43Pkq.jpg"},"collection":{"wish":0,"collect":0,"doing":35,"on_hold":0,"dropped":0}},{"id":212775,"url":"http:\/\/bgm.tv\/subject\/212775","type":0,"name":"\u5e72\u7269\u59b9! \u3046\u307e\u308b\u3061\u3083\u3093R","name_cn":"\u5e72\u7269\u59b9\uff01\u5c0f\u57cbR","summary":"","eps":0,"air_date":"2017-10-08","air_weekday":7,"rating":{"total":459,"count":{"10":9,"9":15,"8":63,"7":183,"6":133,"5":39,"4":7,"3":2,"2":4,"1":4},"score":6.6},"rank":2751,"images":{"large":"http:\/\/lain.bgm.tv\/pic\/cover\/l\/27\/da\/212775_as9It.jpg","common":"http:\/\/lain.bgm.tv\/pic\/cover\/c\/27\/da\/212775_as9It.jpg","medium":"http:\/\/lain.bgm.tv\/pic\/cover\/m\/27\/da\/212775_as9It.jpg","small":"http:\/\/lain.bgm.tv\/pic\/cover\/s\/27\/da\/212775_as9It.jpg","grid":"http:\/\/lain.bgm.tv\/pic\/cover\/g\/27\/da\/212775_as9It.jpg"},"collection":{"wish":0,"collect":0,"doing":1228,"on_hold":0,"dropped":0}},{"id":213076,"url":"http:\/\/bgm.tv\/subject\/213076","type":0,"name":"\u59b9\u3055\u3048\u3044\u308c\u3070\u3044\u3044\u3002","name_cn":"\u5982\u679c\u6709\u59b9\u59b9\u5c31\u597d\u4e86\u3002","summary":"","eps":0,"air_date":"2017-10-08","air_weekday":7,"rating":{"total":420,"count":{"10":5,"9":9,"8":52,"7":154,"6":116,"5":32,"4":22,"3":11,"2":8,"1":11},"score":6.3},"rank":3558,"images":{"large":"http:\/\/lain.bgm.tv\/pic\/cover\/l\/d0\/59\/213076_J5y9R.jpg","common":"http:\/\/lain.bgm.tv\/pic\/cover\/c\/d0\/59\/213076_J5y9R.jpg","medium":"http:\/\/lain.bgm.tv\/pic\/cover\/m\/d0\/59\/213076_J5y9R.jpg","small":"http:\/\/lain.bgm.tv\/pic\/cover\/s\/d0\/59\/213076_J5y9R.jpg","grid":"http:\/\/lain.bgm.tv\/pic\/cover\/g\/d0\/59\/213076_J5y9R.jpg"},"collection":{"wish":0,"collect":0,"doing":1059,"on_hold":0,"dropped":0}},{"id":213329,"url":"http:\/\/bgm.tv\/subject\/213329","type":0,"name":"\u30a2\u30cb\u30e1\u30ac\u30bf\u30ea\u30ba","name_cn":"\u52a8\u753b\u540c\u597d\u4f1a","summary":"","eps":0,"air_date":"2017-10-08","air_weekday":7,"rating":{"total":186,"count":{"10":3,"9":1,"8":8,"7":38,"6":69,"5":42,"4":13,"3":6,"2":4,"1":2},"score":5.8},"rank":4011,"images":{"large":"http:\/\/lain.bgm.tv\/pic\/cover\/l\/31\/b8\/213329_oBQqg.jpg","common":"http:\/\/lain.bgm.tv\/pic\/cover\/c\/31\/b8\/213329_oBQqg.jpg","medium":"http:\/\/lain.bgm.tv\/pic\/cover\/m\/31\/b8\/213329_oBQqg.jpg","small":"http:\/\/lain.bgm.tv\/pic\/cover\/s\/31\/b8\/213329_oBQqg.jpg","grid":"http:\/\/lain.bgm.tv\/pic\/cover\/g\/31\/b8\/213329_oBQqg.jpg"},"collection":{"wish":0,"collect":0,"doing":521,"on_hold":0,"dropped":0}},{"id":218740,"url":"http:\/\/bgm.tv\/subject\/218740","type":0,"name":"\u9280\u9b42. \u30dd\u30ed\u30ea\u7bc7","name_cn":"\u94f6\u9b42. \u8d70\u5149\u7bc7","summary":"","eps":0,"air_date":"2017-10-01","air_weekday":7,"rating":{"total":87,"count":{"10":7,"9":8,"8":28,"7":30,"6":8,"5":1,"4":3,"3":0,"2":0,"1":2},"score":7.4},"rank":1111,"images":{"large":"http:\/\/lain.bgm.tv\/pic\/cover\/l\/d3\/e2\/218740_6OyMl.jpg","common":"http:\/\/lain.bgm.tv\/pic\/cover\/c\/d3\/e2\/218740_6OyMl.jpg","medium":"http:\/\/lain.bgm.tv\/pic\/cover\/m\/d3\/e2\/218740_6OyMl.jpg","small":"http:\/\/lain.bgm.tv\/pic\/cover\/s\/d3\/e2\/218740_6OyMl.jpg","grid":"http:\/\/lain.bgm.tv\/pic\/cover\/g\/d3\/e2\/218740_6OyMl.jpg"},"collection":{"wish":0,"collect":0,"doing":359,"on_hold":0,"dropped":0}},{"id":221018,"url":"http:\/\/bgm.tv\/subject\/221018","type":0,"name":"\u30ab\u30fc\u30c9\u30d5\u30a1\u30a4\u30c8!! \u30f4\u30a1\u30f3\u30ac\u30fc\u30c9G Z","name_cn":"\u5361\u7247\u6218\u6597\u5148\u5bfc\u8005 GZ","summary":"","eps":0,"air_date":"2017-10-08","air_weekday":7,"rating":{"total":0,"count":{"10":0,"9":0,"8":0,"7":0,"6":0,"5":0,"4":0,"3":0,"2":0,"1":0},"score":0},"rank":0,"images":{"large":"http:\/\/lain.bgm.tv\/pic\/cover\/l\/d3\/68\/221018_65Nv6.jpg","common":"http:\/\/lain.bgm.tv\/pic\/cover\/c\/d3\/68\/221018_65Nv6.jpg","medium":"http:\/\/lain.bgm.tv\/pic\/cover\/m\/d3\/68\/221018_65Nv6.jpg","small":"http:\/\/lain.bgm.tv\/pic\/cover\/s\/d3\/68\/221018_65Nv6.jpg","grid":"http:\/\/lain.bgm.tv\/pic\/cover\/g\/d3\/68\/221018_65Nv6.jpg"},"collection":{"wish":0,"collect":0,"doing":4,"on_hold":0,"dropped":0}},{"id":223502,"url":"http:\/\/bgm.tv\/subject\/223502","type":0,"name":"\u304a\u898b\u5408\u3044\u76f8\u624b\u306f\u6559\u3048\u5b50\u3001\u5f37\u6c17\u306a\u3001\u554f\u984c\u5150\u3002","name_cn":"\u76f8\u4eb2\u5bf9\u8c61\u662f\u5f3a\u786c\u7684\u95ee\u9898\u5b66\u751f","summary":"","eps":0,"air_date":"2017-10-01","air_weekday":7,"rating":{"total":49,"count":{"10":1,"9":0,"8":2,"7":9,"6":11,"5":15,"4":3,"3":3,"2":1,"1":4},"score":5.2},"rank":0,"images":{"large":"http:\/\/lain.bgm.tv\/pic\/cover\/l\/03\/46\/223502_Uag1G.jpg","common":"http:\/\/lain.bgm.tv\/pic\/cover\/c\/03\/46\/223502_Uag1G.jpg","medium":"http:\/\/lain.bgm.tv\/pic\/cover\/m\/03\/46\/223502_Uag1G.jpg","small":"http:\/\/lain.bgm.tv\/pic\/cover\/s\/03\/46\/223502_Uag1G.jpg","grid":"http:\/\/lain.bgm.tv\/pic\/cover\/g\/03\/46\/223502_Uag1G.jpg"},"collection":{"wish":0,"collect":0,"doing":151,"on_hold":0,"dropped":0}},{"id":226798,"url":"http:\/\/bgm.tv\/subject\/226798","type":0,"name":"\u4f17\u751f\u65e0\u76f8","name_cn":"\u4f17\u751f\u65e0\u76f8","summary":"","eps":0,"air_date":"2017-10-01","air_weekday":7,"rating":{"total":0,"count":{"10":0,"9":0,"8":0,"7":0,"6":0,"5":0,"4":0,"3":0,"2":0,"1":0},"score":0},"rank":0,"images":{"large":"http:\/\/lain.bgm.tv\/pic\/cover\/l\/c2\/78\/226798_SN1as.jpg","common":"http:\/\/lain.bgm.tv\/pic\/cover\/c\/c2\/78\/226798_SN1as.jpg","medium":"http:\/\/lain.bgm.tv\/pic\/cover\/m\/c2\/78\/226798_SN1as.jpg","small":"http:\/\/lain.bgm.tv\/pic\/cover\/s\/c2\/78\/226798_SN1as.jpg","grid":"http:\/\/lain.bgm.tv\/pic\/cover\/g\/c2\/78\/226798_SN1as.jpg"},"collection":{"wish":0,"collect":0,"doing":0,"on_hold":0,"dropped":0}},{"id":228331,"url":"http:\/\/bgm.tv\/subject\/228331","type":0,"name":"\u5973\u751f\u5bbf\u820d\u65e5\u5e38 \u7b2c2\u5b63","name_cn":"\u5973\u751f\u5bbf\u820d\u65e5\u5e38 \u7b2c\u4e8c\u5b63","summary":"","eps":0,"air_date":"2017-10-22","air_weekday":7,"rating":{"total":2,"count":{"10":0,"9":0,"8":1,"7":1,"6":0,"5":0,"4":0,"3":0,"2":0,"1":0},"score":7.5},"rank":0,"images":{"large":"http:\/\/lain.bgm.tv\/pic\/cover\/l\/36\/82\/228331_96S9Z.jpg","common":"http:\/\/lain.bgm.tv\/pic\/cover\/c\/36\/82\/228331_96S9Z.jpg","medium":"http:\/\/lain.bgm.tv\/pic\/cover\/m\/36\/82\/228331_96S9Z.jpg","small":"http:\/\/lain.bgm.tv\/pic\/cover\/s\/36\/82\/228331_96S9Z.jpg","grid":"http:\/\/lain.bgm.tv\/pic\/cover\/g\/36\/82\/228331_96S9Z.jpg"},"collection":{"wish":0,"collect":0,"doing":1,"on_hold":0,"dropped":0}},{"id":229019,"url":"http:\/\/bgm.tv\/subject\/229019","type":0,"name":"\u7231\u7cbe\u7075\u4e50\u5409\u513f","name_cn":"\u7231\u7cbe\u7075\u4e50\u5409\u513f","summary":"","eps":0,"air_date":"2017-10-01","air_weekday":7,"rating":{"total":0,"count":{"10":0,"9":0,"8":0,"7":0,"6":0,"5":0,"4":0,"3":0,"2":0,"1":0},"score":0},"rank":0,"images":{"large":"http:\/\/lain.bgm.tv\/pic\/cover\/l\/df\/6f\/229019_Tx929.jpg","common":"http:\/\/lain.bgm.tv\/pic\/cover\/c\/df\/6f\/229019_Tx929.jpg","medium":"http:\/\/lain.bgm.tv\/pic\/cover\/m\/df\/6f\/229019_Tx929.jpg","small":"http:\/\/lain.bgm.tv\/pic\/cover\/s\/df\/6f\/229019_Tx929.jpg","grid":"http:\/\/lain.bgm.tv\/pic\/cover\/g\/df\/6f\/229019_Tx929.jpg"},"collection":{"wish":0,"collect":0,"doing":0,"on_hold":0,"dropped":0}}]}]